Outlet,Business Day, Total In , Total Out , Total GGR 
23103000,1/1/2026," 746,000 "," 333,200 "," 412,800 "
23103000,2/1/2026," 1,585,000 "," 1,379,350 "," 205,650 "
23103000,1/2/2026," 684,000 "," 633,400 "," 50,600 "
23103000,2/2/2026," 1,452,000 "," 860,240 "," 591,760 "
23103000,1/3/2026," 1,005,000 "," 959,110 "," 45,890 "
23103000,2/3/2026," 1,706,000 "," 1,613,210 "," 92,790 "
23103000,1/4/2026," 1,397,000 "," 936,800 "," 460,200 "
23103000,2/4/2026," 1,656,000 "," 1,446,820 "," 209,180 "
23103000,1/5/2026," 679,000 "," 660,510 "," 18,490 "
23103000,2/5/2026," 1,265,000 "," 1,225,700 "," 39,300 "
23103000,1/6/2026," 1,049,000 "," 829,500 "," 219,500 "
23103000,2/6/2026," 1,697,000 "," 1,414,970 "," 282,030 "
23103000,1/7/2026," 798,000 "," 743,300 "," 54,700 "
23103000,2/7/2026," 1,199,000 "," 979,720 "," 219,280 "
23103000,1/8/2026," 788,000 "," 575,710 "," 212,290 "
23103000,2/8/2026," 1,992,000 "," 1,557,490 "," 434,510 "
23103000,1/9/2026," 595,000 "," 745,380 ","-150,380 "
23103000,2/9/2026," 844,000 "," 728,500 "," 115,500 "
23103000,1/10/2026," 1,208,000 "," 1,138,270 "," 69,730 "
23103000,2/10/2026," 1,397,000 "," 1,204,360 "," 192,640 "
23103000,1/11/2026," 912,000 "," 737,840 "," 174,160 "
23103000,2/11/2026," 1,554,000 "," 1,241,000 "," 313,000 "
23103000,1/12/2026," 877,000 "," 1,123,470 ","-246,470 "
23103000,2/12/2026," 1,837,000 "," 1,500,900 "," 336,100 "
23103000,1/13/2026," 3,373,000 "," 3,519,590 ","-146,590 "
23103000,1/14/2026," 1,006,000 "," 567,070 "," 438,930 "
23103000,1/18/2026," 1,309,000 "," 1,336,390 ","-27,390 "
23103000,1/19/2026," 930,000 "," 703,200 "," 226,800 "
23103000,1/20/2026," 1,180,000 "," 1,169,750 "," 10,250 "
23103000,1/27/2026," 596,000 "," 533,300 "," 62,700 "
23103000,1/29/2026," 1,304,000 "," 1,082,820 "," 221,180 "
23103000,1/30/2026," 1,561,000 "," 1,322,760 "," 238,240 "
23103000,1/31/2026," 1,259,000 "," 1,143,390 "," 115,610 "
23103000,12/23/2025," 703,000 "," 655,950 "," 47,050 "
23103000,12/24/2025," 620,000 "," 455,640 "," 164,360 "
23103000,12/25/2025," 680,000 "," 583,630 "," 96,370 "
23103000,12/26/2025," 1,114,000 "," 1,206,130 ","-92,130 "
23103000,12/27/2025," 1,022,000 "," 929,640 "," 92,360 "
23103000,12/28/2025," 1,273,000 "," 1,313,150 ","-40,150 "
23103000,12/29/2025," 583,000 "," 265,820 "," 317,180 "
23103000,12/30/2025," 1,362,000 "," 1,369,800 ","-7,800 "
23103000,12/31/2025," 982,000 "," 688,200 "," 293,800 "
23103000,2/13/2026," 2,162,000 "," 2,113,990 "," 48,010 "
23103000,2/14/2026," 2,003,000 "," 1,579,710 "," 423,290 "
23103000,2/15/2026," 2,246,000 "," 2,241,330 "," 4,670 "
23103000,2/16/2026," 1,800,000 "," 1,699,160 "," 100,840 "
23103000,2/17/2026," 2,168,000 "," 2,130,700 "," 37,300 "
23103000,2/18/2026," 1,673,000 "," 1,178,240 "," 494,760 "
23103000,2/19/2026," 765,000 "," 611,260 "," 153,740 "
23103000,2/20/2026," 1,542,000 "," 1,693,380 ","-151,380 "
23103000,2/21/2026," 1,612,000 "," 1,434,640 "," 177,360 "
23103000,2/22/2026," 969,000 "," 970,350 ","-1,350 "
23103000,2/23/2026," 2,331,000 "," 2,300,400 "," 30,600 "
23103000,2/24/2026," 1,124,000 "," 527,200 "," 596,800 "
23103000,2/25/2026," 2,438,000 "," 2,459,420 ","-21,420 "
23103000,2/26/2026," 1,234,000 "," 1,205,360 "," 28,640 "
23103000,2/27/2026," 1,128,000 "," 847,130 "," 280,870 "
23103000,2/28/2026," 2,120,000 "," 1,625,910 "," 494,090 "
23103001,1/1/2026," 958,000 "," 984,250 ","-26,250 "
23103001,2/1/2026," 3,344,000 "," 3,307,840 "," 36,160 "
23103001,1/2/2026," 118,000 "," 81,000 "," 37,000 "
23103001,2/2/2026," 2,099,000 "," 1,477,150 "," 621,850 "
23103001,1/3/2026," 754,000 "," 625,390 "," 128,610 "
23103001,2/3/2026," 1,175,000 "," 807,800 "," 367,200 "
23103001,1/4/2026," 701,000 "," 347,350 "," 353,650 "
23103001,2/4/2026," 2,133,000 "," 1,571,170 "," 561,830 "
23103001,1/5/2026," 1,127,000 "," 1,219,890 ","-92,890 "
23103001,2/5/2026," 3,416,000 "," 3,270,980 "," 145,020 "
23103001,1/6/2026," 1,085,000 "," 944,300 "," 140,700 "
23103001,2/6/2026," 1,967,000 "," 1,517,500 "," 449,500 "
23103001,1/7/2026," 1,232,000 "," 3,086,430 ","-1,854,430 "
23103001,2/7/2026," 3,105,000 "," 2,681,980 "," 423,020 "
23103001,1/8/2026," 406,000 "," 536,150 ","-130,150 "
23103001,2/8/2026," 1,445,000 "," 1,055,020 "," 389,980 "
23103001,1/9/2026," 705,000 "," 497,370 "," 207,630 "
23103001,2/9/2026," 1,894,000 "," 1,913,700 ","-19,700 "
23103001,1/10/2026," 1,360,000 "," 867,270 "," 492,730 "
23103001,2/10/2026," 2,668,000 "," 2,129,130 "," 538,870 "
23103001,1/11/2026," 879,000 "," 758,980 "," 120,020 "
23103001,2/11/2026," 448,000 "," 388,200 "," 59,800 "
23103001,1/12/2026," 1,124,000 "," 1,124,130 ",-130 
23103001,2/12/2026," 2,134,000 "," 1,943,680 "," 190,320 "
23103001,1/13/2026," 1,580,000 "," 915,300 "," 664,700 "
23103001,1/14/2026," 1,606,000 "," 1,153,420 "," 452,580 "
23103001,1/15/2026," 2,966,000 "," 2,037,710 "," 928,290 "
23103001,1/16/2026," 1,935,000 "," 1,196,680 "," 738,320 "
23103001,1/17/2026," 1,835,000 "," 1,154,730 "," 680,270 "
23103001,1/18/2026," 2,722,000 "," 2,366,670 "," 355,330 "
23103001,1/19/2026," 2,107,000 "," 1,933,660 "," 173,340 "
23103001,1/20/2026," 3,874,000 "," 4,191,850 ","-317,850 "
23103001,1/21/2026," 2,119,000 "," 2,233,530 ","-114,530 "
23103001,1/22/2026," 856,000 "," 516,250 "," 339,750 "
23103001,1/23/2026," 1,669,000 "," 1,197,350 "," 471,650 "
23103001,1/24/2026," 2,330,000 "," 1,748,660 "," 581,340 "
23103001,1/25/2026," 1,187,000 "," 719,260 "," 467,740 "
23103001,1/26/2026," 1,902,000 "," 1,995,810 ","-93,810 "
23103001,1/27/2026," 1,397,000 "," 849,860 "," 547,140 "
23103001,1/28/2026," 2,600,000 "," 2,025,000 "," 575,000 "
23103001,1/29/2026," 3,059,000 "," 2,754,470 "," 304,530 "
23103001,1/30/2026," 2,138,000 "," 1,567,830 "," 570,170 "
23103001,1/31/2026," 1,640,000 "," 1,435,640 "," 204,360 "
23103001,12/23/2025," 535,000 "," 567,300 ","-32,300 "
23103001,12/24/2025," 1,199,000 "," 947,280 "," 251,720 "
23103001,12/25/2025," 2,016,000 "," 1,823,970 "," 192,030 "
23103001,12/26/2025," 637,000 "," 495,450 "," 141,550 "
23103001,12/27/2025," 440,000 "," 325,150 "," 114,850 "
23103001,12/28/2025," 1,933,000 "," 1,592,890 "," 340,110 "
23103001,12/29/2025," 519,000 "," 488,100 "," 30,900 "
23103001,12/30/2025," 1,029,000 "," 754,650 "," 274,350 "
23103001,12/31/2025," 3,164,000 "," 1,811,080 "," 1,352,920 "
23103001,2/13/2026," 1,978,000 "," 1,801,890 "," 176,110 "
23103001,2/14/2026," 1,244,000 "," 1,352,210 ","-108,210 "
23103001,2/15/2026," 1,530,000 "," 1,180,300 "," 349,700 "
23103001,2/16/2026," 2,094,000 "," 1,846,070 "," 247,930 "
23103001,2/17/2026," 1,212,000 "," 877,780 "," 334,220 "
23103001,2/18/2026," 1,296,000 "," 1,052,690 "," 243,310 "
23103001,2/19/2026," 2,206,000 "," 1,547,170 "," 658,830 "
23103001,2/20/2026," 625,000 "," 321,950 "," 303,050 "
23103001,2/21/2026," 1,474,000 "," 1,308,350 "," 165,650 "
23103001,2/22/2026," 1,711,000 "," 1,790,340 ","-79,340 "
23103001,2/23/2026," 948,000 "," 631,150 "," 316,850 "
23103001,2/24/2026," 534,000 "," 613,470 ","-79,470 "
23103001,2/28/2026," 165,000 "," 43,000 "," 122,000 "
23103002,1/1/2026," 786,000 "," 627,050 "," 158,950 "
23103002,2/1/2026," 180,000 "," 127,200 "," 52,800 "
23103002,1/2/2026," 714,000 "," 558,540 "," 155,460 "
23103002,2/2/2026," 569,000 "," 395,000 "," 174,000 "
23103002,1/3/2026," 361,000 "," 300,000 "," 61,000 "
23103002,2/3/2026," 838,000 "," 496,840 "," 341,160 "
23103002,1/4/2026," 1,119,000 "," 767,890 "," 351,110 "
23103002,2/4/2026," 760,000 "," 548,780 "," 211,220 "
23103002,1/5/2026," 621,000 "," 354,010 "," 266,990 "
23103002,2/5/2026," 230,000 "," 30,000 "," 200,000 "
23103002,1/6/2026," 544,000 "," 302,260 "," 241,740 "
23103002,2/6/2026," 338,000 "," 183,040 "," 154,960 "
23103002,1/7/2026," 747,000 "," 553,730 "," 193,270 "
23103002,2/7/2026," 644,000 "," 890,400 ","-246,400 "
23103002,1/8/2026," 375,000 "," 322,080 "," 52,920 "
23103002,2/8/2026," 412,000 "," 459,500 ","-47,500 "
23103002,1/9/2026," 358,000 "," 140,930 "," 217,070 "
23103002,2/9/2026," 1,647,000 "," 1,292,080 "," 354,920 "
23103002,1/10/2026," 810,000 "," 560,000 "," 250,000 "
23103002,2/10/2026," 745,000 "," 690,870 "," 54,130 "
23103002,1/11/2026," 255,000 "," 87,160 "," 167,840 "
23103002,2/11/2026," 865,000 "," 626,060 "," 238,940 "
23103002,1/12/2026," 689,000 "," 318,590 "," 370,410 "
23103002,2/12/2026," 738,000 "," 718,500 "," 19,500 "
23103002,1/13/2026," 2,434,000 "," 1,712,730 "," 721,270 "
23103002,1/19/2026," 823,000 "," 350,480 "," 472,520 "
23103002,1/20/2026," 808,000 "," 1,147,130 ","-339,130 "
23103002,1/21/2026," 1,455,000 "," 1,004,640 "," 450,360 "
23103002,1/22/2026," 842,000 "," 339,600 "," 502,400 "
23103002,1/23/2026," 809,000 "," 755,700 "," 53,300 "
23103002,1/24/2026," 672,000 "," 437,520 "," 234,480 "
23103002,1/25/2026," 846,000 "," 580,290 "," 265,710 "
23103002,1/26/2026," 1,494,000 "," 978,310 "," 515,690 "
23103002,1/27/2026," 2,180,000 "," 1,360,940 "," 819,060 "
23103002,1/28/2026," 854,000 "," 1,172,680 ","-318,680 "
23103002,1/29/2026," 946,000 "," 704,410 "," 241,590 "
23103002,1/30/2026," 486,000 "," 120,150 "," 365,850 "
23103002,1/31/2026," 667,000 "," 284,180 "," 382,820 "
23103002,12/24/2025," 427,000 "," 584,600 ","-157,600 "
23103002,12/25/2025," 379,000 "," 379,200 ",-200 
23103002,12/26/2025," 290,000 "," 226,160 "," 63,840 "
23103002,12/27/2025," 1,014,000 "," 412,390 "," 601,610 "
23103002,12/28/2025," 1,018,000 "," 904,510 "," 113,490 "
23103002,12/29/2025," 202,000 "," 280,400 ","-78,400 "
23103002,12/30/2025," 747,000 "," 789,080 ","-42,080 "
23103002,12/31/2025," 1,070,000 "," 684,570 "," 385,430 "
23103002,2/13/2026," 884,000 "," 268,320 "," 615,680 "
23103002,2/14/2026," 901,000 "," 342,610 "," 558,390 "
23103002,2/15/2026," 1,073,000 "," 767,600 "," 305,400 "
23103002,2/16/2026," 193,000 "," 80,280 "," 112,720 "
23103002,2/17/2026," 596,000 "," 315,300 "," 280,700 "
23103002,2/18/2026," 423,000 "," 297,340 "," 125,660 "
23103002,2/19/2026," 498,000 "," 381,160 "," 116,840 "
23103002,2/20/2026," 374,000 "," 512,200 ","-138,200 "
23103002,2/21/2026," 344,000 "," 421,100 ","-77,100 "
23103002,2/22/2026," 87,000 "," 41,800 "," 45,200 "
23103002,2/23/2026," 233,000 "," 173,330 "," 59,670 "
23103002,2/24/2026," 153,000 "," 211,000 ","-58,000 "
23103002,2/25/2026," 341,000 "," 167,250 "," 173,750 "
23103002,2/26/2026," 267,000 "," 169,100 "," 97,900 "
23103002,2/27/2026," 688,000 "," 725,480 ","-37,480 "
23103002,2/28/2026," 616,000 "," 539,310 "," 76,690 "
23103003,1/1/2026," 1,309,000 "," 1,724,680 ","-415,680 "
23103003,2/1/2026," 536,000 "," 453,450 "," 82,550 "
23103003,1/2/2026," 248,000 "," 55,000 "," 193,000 "
23103003,2/2/2026," 308,000 "," 146,000 "," 162,000 "
23103003,1/3/2026," 697,000 "," 478,800 "," 218,200 "
23103003,2/3/2026," 544,000 "," 444,810 "," 99,190 "
23103003,1/4/2026," 821,000 "," 468,300 "," 352,700 "
23103003,2/4/2026," 1,501,000 "," 1,201,970 "," 299,030 "
23103003,1/5/2026," 957,000 "," 1,000,840 ","-43,840 "
23103003,2/5/2026," 821,000 "," 558,200 "," 262,800 "
23103003,1/6/2026," 548,000 "," 259,440 "," 288,560 "
23103003,2/6/2026," 384,000 "," 191,300 "," 192,700 "
23103003,1/7/2026," 731,000 "," 488,900 "," 242,100 "
23103003,2/7/2026," 1,193,000 "," 1,347,650 ","-154,650 "
23103003,1/8/2026," 742,000 "," 697,690 "," 44,310 "
23103003,2/8/2026," 894,000 "," 737,520 "," 156,480 "
23103003,1/9/2026," 638,000 "," 525,440 "," 112,560 "
23103003,2/9/2026," 503,000 "," 274,120 "," 228,880 "
23103003,1/10/2026," 1,726,000 "," 1,312,070 "," 413,930 "
23103003,2/10/2026," 677,000 "," 514,420 "," 162,580 "
23103003,1/11/2026," 2,148,000 "," 1,620,920 "," 527,080 "
23103003,2/11/2026," 706,000 "," 660,700 "," 45,300 "
23103003,1/12/2026," 1,812,000 "," 1,198,410 "," 613,590 "
23103003,2/12/2026," 299,000 "," 180,290 "," 118,710 "
23103003,1/13/2026," 1,220,000 "," 1,105,220 "," 114,780 "
23103003,1/18/2026," 1,818,000 "," 2,006,790 ","-188,790 "
23103003,1/19/2026," 180,000 "," 79,330 "," 100,670 "
23103003,1/27/2026," 16,000 "," 5,000 "," 11,000 "
23103003,1/29/2026," 838,000 "," 645,050 "," 192,950 "
23103003,1/30/2026," 1,155,000 "," 1,117,550 "," 37,450 "
23103003,1/31/2026," 203,000 "," 60,100 "," 142,900 "
23103003,12/23/2025," 621,000 "," 235,100 "," 385,900 "
23103003,12/24/2025," 781,000 "," 1,336,600 ","-555,600 "
23103003,12/25/2025," 1,417,000 "," 1,208,530 "," 208,470 "
23103003,12/26/2025," 977,000 "," 480,160 "," 496,840 "
23103003,12/27/2025," 941,000 "," 744,080 "," 196,920 "
23103003,12/28/2025," 736,000 "," 680,140 "," 55,860 "
23103003,12/29/2025," 614,000 "," 478,910 "," 135,090 "
23103003,12/30/2025," 427,000 "," 221,250 "," 205,750 "
23103003,12/31/2025," 1,001,000 "," 1,087,380 ","-86,380 "
23103003,2/13/2026," 1,104,000 "," 913,610 "," 190,390 "
23103003,2/14/2026," 184,000 "," 104,000 "," 80,000 "
23103003,2/15/2026," 678,000 "," 746,530 ","-68,530 "
23103003,2/16/2026," 777,000 "," 721,680 "," 55,320 "
23103003,2/17/2026," 967,000 "," 695,830 "," 271,170 "
23103003,2/18/2026," 484,000 "," 415,840 "," 68,160 "
23103003,2/19/2026," 1,248,000 "," 765,320 "," 482,680 "
23103003,2/20/2026," 831,000 "," 413,000 "," 418,000 "
23103003,2/21/2026," 1,110,000 "," 902,520 "," 207,480 "
23103003,2/22/2026," 948,000 "," 752,970 "," 195,030 "
23103003,2/23/2026," 869,000 "," 783,100 "," 85,900 "
23103003,2/24/2026," 698,000 "," 595,390 "," 102,610 "
23103003,2/25/2026," 756,000 "," 861,460 ","-105,460 "
23103003,2/26/2026," 1,077,000 "," 1,094,010 ","-17,010 "
23103003,2/27/2026," 1,928,000 "," 2,093,900 ","-165,900 "
23103003,2/28/2026," 3,342,000 "," 2,606,630 "," 735,370 "
23103004,1/1/2026," 3,781,000 "," 1,723,760 "," 2,057,240 "
23103004,2/1/2026," 1,263,000 "," 460,690 "," 802,310 "
23103004,1/2/2026," 1,805,000 "," 1,600,780 "," 204,220 "
23103004,2/2/2026," 1,840,000 "," 1,266,230 "," 573,770 "
23103004,1/3/2026," 919,000 "," 868,420 "," 50,580 "
23103004,2/3/2026," 1,482,000 "," 1,334,450 "," 147,550 "
23103004,1/4/2026," 2,308,000 "," 1,783,300 "," 524,700 "
23103004,2/4/2026," 1,836,000 "," 1,569,940 "," 266,060 "
23103004,1/5/2026," 1,414,000 "," 847,300 "," 566,700 "
23103004,2/5/2026," 2,841,000 "," 2,774,850 "," 66,150 "
23103004,1/6/2026," 2,111,000 "," 1,969,270 "," 141,730 "
23103004,2/6/2026," 3,413,000 "," 2,197,260 "," 1,215,740 "
23103004,1/7/2026," 2,180,000 "," 1,739,510 "," 440,490 "
23103004,2/7/2026," 3,649,000 "," 3,269,810 "," 379,190 "
23103004,1/8/2026," 1,814,000 "," 1,260,080 "," 553,920 "
23103004,2/8/2026," 752,000 "," 310,000 "," 442,000 "
23103004,1/9/2026," 2,581,000 "," 1,374,570 "," 1,206,430 "
23103004,2/9/2026," 3,024,000 "," 3,331,280 ","-307,280 "
23103004,1/10/2026," 1,727,000 "," 1,653,190 "," 73,810 "
23103004,2/10/2026," 2,709,000 "," 3,421,020 ","-712,020 "
23103004,1/11/2026," 1,189,000 "," 808,290 "," 380,710 "
23103004,2/11/2026," 2,730,000 "," 2,374,490 "," 355,510 "
23103004,1/12/2026," 2,193,000 "," 1,500,470 "," 692,530 "
23103004,2/12/2026," 2,575,000 "," 1,883,630 "," 691,370 "
23103004,1/13/2026," 1,670,000 "," 1,279,960 "," 390,040 "
23103004,1/18/2026," 3,603,000 "," 3,345,810 "," 257,190 "
23103004,1/19/2026," 4,149,000 "," 3,750,150 "," 398,850 "
23103004,1/20/2026," 1,839,000 "," 1,395,100 "," 443,900 "
23103004,1/21/2026," 2,964,000 "," 1,983,200 "," 980,800 "
23103004,1/22/2026," 1,439,000 "," 1,115,470 "," 323,530 "
23103004,1/23/2026," 2,123,000 "," 1,537,220 "," 585,780 "
23103004,1/24/2026," 1,837,000 "," 2,049,450 ","-212,450 "
23103004,1/25/2026," 2,918,000 "," 2,227,870 "," 690,130 "
23103004,1/26/2026," 1,472,000 "," 649,020 "," 822,980 "
23103004,1/27/2026," 1,242,000 "," 867,400 "," 374,600 "
23103004,1/28/2026," 542,000 "," 375,080 "," 166,920 "
23103004,1/29/2026," 1,621,000 "," 720,180 "," 900,820 "
23103004,1/30/2026," 1,177,000 "," 1,032,270 "," 144,730 "
23103004,1/31/2026," 1,498,000 "," 1,090,940 "," 407,060 "
23103004,12/23/2025," 2,554,000 "," 2,040,800 "," 513,200 "
23103004,12/24/2025," 1,567,000 "," 1,399,950 "," 167,050 "
23103004,12/25/2025," 2,395,000 "," 1,462,170 "," 932,830 "
23103004,12/26/2025," 1,937,000 "," 1,184,530 "," 752,470 "
23103004,12/27/2025," 3,204,000 "," 2,055,780 "," 1,148,220 "
23103004,12/28/2025," 2,666,000 "," 2,348,590 "," 317,410 "
23103004,12/29/2025," 1,749,000 "," 1,766,170 ","-17,170 "
23103004,12/30/2025," 1,201,000 "," 428,000 "," 773,000 "
23103004,12/31/2025," 2,129,000 "," 3,915,430 ","-1,786,430 "
23103004,2/13/2026," 1,732,000 "," 1,404,120 "," 327,880 "
23103004,2/14/2026," 3,923,000 "," 2,742,240 "," 1,180,760 "
23103004,2/15/2026," 3,142,000 "," 2,560,160 "," 581,840 "
23103004,2/16/2026," 614,000 "," 429,460 "," 184,540 "
23103004,2/17/2026," 1,280,000 "," 785,410 "," 494,590 "
23103004,2/18/2026," 2,037,000 "," 2,010,770 "," 26,230 "
23103004,2/19/2026," 4,291,000 "," 3,072,800 "," 1,218,200 "
23103004,2/20/2026," 1,805,000 "," 2,056,790 ","-251,790 "
23103004,2/21/2026," 1,811,000 "," 1,721,590 "," 89,410 "
23103004,2/22/2026," 3,020,000 "," 2,401,310 "," 618,690 "
23103004,2/23/2026," 2,333,000 "," 2,554,370 ","-221,370 "
23103004,2/24/2026," 2,041,000 "," 1,775,490 "," 265,510 "
23103004,2/25/2026," 5,138,000 "," 4,113,680 "," 1,024,320 "
23103004,2/26/2026," 3,215,000 "," 2,485,400 "," 729,600 "
23103004,2/27/2026," 3,882,000 "," 3,249,010 "," 632,990 "
23103004,2/28/2026," 3,654,000 "," 2,603,960 "," 1,050,040 "
23103005,2/1/2026," 2,621,000 "," 2,675,170 ","-54,170 "
23103005,2/2/2026," 1,805,000 "," 933,200 "," 871,800 "
23103005,2/3/2026," 3,295,000 "," 3,235,010 "," 59,990 "
23103005,2/4/2026," 1,991,000 "," 1,639,170 "," 351,830 "
23103005,2/5/2026," 2,800,000 "," 2,310,400 "," 489,600 "
23103005,2/6/2026," 878,000 "," 514,490 "," 363,510 "
23103005,2/7/2026," 1,012,000 "," 485,620 "," 526,380 "
23103005,2/8/2026," 752,000 "," 597,210 "," 154,790 "
23103005,2/9/2026," 2,500,000 "," 2,291,250 "," 208,750 "
23103005,2/10/2026," 2,752,000 "," 1,178,220 "," 1,573,780 "
23103005,2/11/2026," 901,000 "," 514,920 "," 386,080 "
23103005,2/12/2026," 2,448,000 "," 1,375,840 "," 1,072,160 "
23103005,1/27/2026," 21,000 "," 1,000 "," 20,000 "
23103005,1/29/2026," 1,213,000 "," 675,690 "," 537,310 "
23103005,1/30/2026," 2,431,000 "," 1,813,980 "," 617,020 "
23103005,1/31/2026," 1,717,000 "," 747,530 "," 969,470 "
23103005,2/13/2026," 1,322,000 "," 873,250 "," 448,750 "
23103005,2/14/2026," 1,488,000 "," 1,488,600 ",-600 
23103005,2/15/2026," 1,403,000 "," 1,242,550 "," 160,450 "
23103005,2/16/2026," 1,890,000 "," 1,315,180 "," 574,820 "
23103005,2/17/2026," 2,418,000 "," 2,162,070 "," 255,930 "
23103005,2/18/2026," 2,009,000 "," 1,895,890 "," 113,110 "
23103005,2/19/2026," 1,821,000 "," 1,170,700 "," 650,300 "
23103005,2/20/2026," 870,000 "," 489,950 "," 380,050 "
23103005,2/21/2026," 1,388,000 "," 1,067,370 "," 320,630 "
23103005,2/22/2026," 1,146,000 "," 1,283,260 ","-137,260 "
23103005,2/23/2026," 1,456,000 "," 1,409,040 "," 46,960 "
23103005,2/24/2026," 1,476,000 "," 1,447,430 "," 28,570 "
23103005,2/25/2026," 2,156,000 "," 2,028,410 "," 127,590 "
23103005,2/26/2026," 1,096,000 "," 687,780 "," 408,220 "
23103005,2/27/2026," 1,263,000 "," 1,036,750 "," 226,250 "
23103005,2/28/2026," 959,000 "," 524,750 "," 434,250 "
23103006,2/1/2026," 619,000 "," 651,460 ","-32,460 "
23103006,2/2/2026," 584,000 "," 639,180 ","-55,180 "
23103006,2/3/2026," 670,000 "," 562,540 "," 107,460 "
23103006,2/4/2026," 810,000 "," 392,220 "," 417,780 "
23103006,2/5/2026," 1,031,000 "," 471,480 "," 559,520 "
23103006,2/6/2026," 284,000 "," 100,230 "," 183,770 "
23103006,2/7/2026," 426,000 "," 382,550 "," 43,450 "
23103006,2/8/2026," 933,000 "," 697,930 "," 235,070 "
23103006,2/9/2026," 570,000 "," 551,260 "," 18,740 "
23103006,2/10/2026," 498,000 "," 279,100 "," 218,900 "
23103006,2/11/2026," 1,436,000 "," 1,660,650 ","-224,650 "
23103006,2/12/2026," 1,323,000 "," 2,152,900 ","-829,900 "
23103006,1/27/2026," 15,000 ", - ," 15,000 "
23103006,1/28/2026," 852,000 "," 806,440 "," 45,560 "
23103006,1/29/2026," 655,000 "," 379,020 "," 275,980 "
23103006,1/30/2026," 267,000 "," 72,160 "," 194,840 "
23103006,1/31/2026," 1,261,000 "," 759,480 "," 501,520 "
23103006,2/13/2026," 1,215,000 "," 896,580 "," 318,420 "
23103006,2/14/2026," 1,316,000 "," 1,524,280 ","-208,280 "
23103006,2/15/2026," 759,000 "," 548,430 "," 210,570 "
23103006,2/16/2026," 1,388,000 "," 833,740 "," 554,260 "
23103006,2/17/2026," 1,107,000 "," 1,359,530 ","-252,530 "
23103006,2/18/2026," 1,834,000 "," 1,387,110 "," 446,890 "
23103006,2/19/2026," 1,106,000 "," 1,159,140 ","-53,140 "
23103006,2/20/2026," 1,455,000 "," 973,650 "," 481,350 "
23103006,2/21/2026," 1,027,000 "," 1,040,640 ","-13,640 "
23103006,2/22/2026," 755,000 "," 410,200 "," 344,800 "
23103006,2/23/2026," 1,200,000 "," 1,320,690 ","-120,690 "
23103006,2/24/2026," 697,000 "," 185,340 "," 511,660 "
23103006,2/25/2026," 713,000 "," 555,520 "," 157,480 "
23103006,2/26/2026," 1,922,000 "," 2,376,480 ","-454,480 "
23103006,2/27/2026," 970,000 "," 631,380 "," 338,620 "
23103006,2/28/2026," 806,000 "," 369,660 "," 436,340 "
23103007,1/1/2026," 401,000 "," 391,280 "," 9,720 "
23103007,2/1/2026," 712,000 "," 441,020 "," 270,980 "
23103007,1/2/2026," 269,000 "," 285,190 ","-16,190 "
23103007,2/2/2026," 902,000 "," 670,000 "," 232,000 "
23103007,1/3/2026," 524,000 "," 598,840 ","-74,840 "
23103007,2/3/2026," 148,000 "," 117,100 "," 30,900 "
23103007,1/4/2026," 968,000 "," 866,950 "," 101,050 "
23103007,2/4/2026," 866,000 "," 550,240 "," 315,760 "
23103007,1/5/2026," 909,000 "," 602,500 "," 306,500 "
23103007,2/5/2026," 454,000 "," 482,300 ","-28,300 "
23103007,1/6/2026," 922,000 "," 606,570 "," 315,430 "
23103007,2/6/2026," 368,000 "," 184,100 "," 183,900 "
23103007,1/7/2026," 452,000 "," 631,680 ","-179,680 "
23103007,2/7/2026," 246,000 "," 305,250 ","-59,250 "
23103007,1/8/2026," 247,000 "," 202,200 "," 44,800 "
23103007,2/8/2026," 355,000 "," 373,780 ","-18,780 "
23103007,1/9/2026," 1,125,000 "," 569,200 "," 555,800 "
23103007,2/9/2026," 859,000 "," 567,050 "," 291,950 "
23103007,1/10/2026," 1,240,000 "," 1,231,980 "," 8,020 "
23103007,2/10/2026," 318,000 "," 258,600 "," 59,400 "
23103007,1/11/2026," 398,000 "," 627,600 ","-229,600 "
23103007,2/11/2026," 271,000 "," 31,050 "," 239,950 "
23103007,1/12/2026," 576,000 "," 518,900 "," 57,100 "
23103007,2/12/2026," 541,000 "," 770,500 ","-229,500 "
23103007,1/13/2026," 754,000 "," 410,530 "," 343,470 "
23103007,1/15/2026," 2,335,000 "," 1,338,390 "," 996,610 "
23103007,1/16/2026," 459,000 "," 261,330 "," 197,670 "
23103007,1/17/2026," 730,000 "," 895,270 ","-165,270 "
23103007,1/18/2026," 447,000 "," 131,060 "," 315,940 "
23103007,1/21/2026," 5,000 "," 10,000 ","-5,000 "
23103007,1/22/2026," 207,000 "," 174,100 "," 32,900 "
23103007,1/27/2026," 26,000 "," 56,000 ","-30,000 "
23103007,1/28/2026," 161,000 "," 78,580 "," 82,420 "
23103007,1/29/2026," 626,000 "," 184,000 "," 442,000 "
23103007,1/30/2026," 175,000 "," 140,000 "," 35,000 "
23103007,1/31/2026," 180,000 "," 174,200 "," 5,800 "
23103007,12/24/2025," 1,000 "," 10,000 ","-9,000 "
23103007,12/25/2025," 201,000 "," 94,100 "," 106,900 "
23103007,12/26/2025," 480,000 "," 495,750 ","-15,750 "
23103007,12/27/2025," 175,000 "," 122,100 "," 52,900 "
23103007,12/28/2025," 308,000 "," 190,800 "," 117,200 "
23103007,12/29/2025," 76,000 "," 20,020 "," 55,980 "
23103007,12/30/2025," 233,000 "," 218,300 "," 14,700 "
23103007,12/31/2025," 1,145,000 "," 654,220 "," 490,780 "
23103007,2/13/2026," 770,000 "," 531,300 "," 238,700 "
23103007,2/14/2026," 433,000 "," 314,320 "," 118,680 "
23103007,2/15/2026," 790,000 "," 596,540 "," 193,460 "
23103007,2/16/2026," 833,000 "," 333,520 "," 499,480 "
23103007,2/17/2026," 733,000 "," 795,120 ","-62,120 "
23103007,2/18/2026," 482,000 "," 448,210 "," 33,790 "
23103007,2/19/2026," 257,000 "," 50,000 "," 207,000 "
23103007,2/20/2026," 167,000 "," 149,410 "," 17,590 "
23103007,2/21/2026," 246,000 "," 110,000 "," 136,000 "
23103007,2/22/2026," 396,000 "," 263,940 "," 132,060 "
23103007,2/23/2026," 1,977,000 "," 1,832,730 "," 144,270 "
23103007,2/24/2026," 1,865,000 "," 1,494,620 "," 370,380 "
23103007,2/25/2026," 1,434,000 "," 1,217,210 "," 216,790 "
23103007,2/26/2026," 2,032,000 "," 2,052,540 ","-20,540 "
23103007,2/27/2026," 2,647,000 "," 2,484,480 "," 162,520 "
23103007,2/28/2026," 3,406,000 "," 2,280,130 "," 1,125,870 "
23103008,2/1/2026," 357,000 "," 643,510 ","-286,510 "
23103008,1/2/2026," 175,000 "," 168,720 "," 6,280 "
23103008,2/2/2026," 262,000 "," 112,960 "," 149,040 "
23103008,1/3/2026," 231,000 "," 63,000 "," 168,000 "
23103008,2/3/2026," 504,000 "," 660,060 ","-156,060 "
23103008,1/4/2026," 399,000 "," 132,020 "," 266,980 "
23103008,2/4/2026," 755,000 "," 697,980 "," 57,020 "
23103008,2/5/2026," 414,000 "," 323,200 "," 90,800 "
23103008,2/6/2026," 553,000 "," 208,020 "," 344,980 "
23103008,2/7/2026," 505,000 "," 180,390 "," 324,610 "
23103008,2/8/2026," 243,000 "," 98,100 "," 144,900 "
23103008,2/9/2026," 95,000 "," 80,000 "," 15,000 "
23103008,1/10/2026," 375,000 "," 281,000 "," 94,000 "
23103008,2/10/2026," 48,000 "," 13,000 "," 35,000 "
23103008,1/11/2026," 220,000 "," 297,340 ","-77,340 "
23103008,2/11/2026," 366,000 "," 215,930 "," 150,070 "
23103008,1/12/2026," 583,000 "," 410,150 "," 172,850 "
23103008,1/29/2026," 129,000 "," 41,200 "," 87,800 "
23103008,1/30/2026," 400,000 "," 472,200 ","-72,200 "
23103008,1/31/2026," 81,000 "," 10,000 "," 71,000 "
23103008,12/31/2025," 404,000 "," 302,250 "," 101,750 "
23103008,2/13/2026," 360,000 "," 164,000 "," 196,000 "
23103008,2/14/2026," 496,000 "," 397,540 "," 98,460 "
23103008,2/15/2026," 869,000 "," 823,830 "," 45,170 "
23103008,2/21/2026," 281,000 "," 231,390 "," 49,610 "
23103008,2/22/2026," 176,000 "," 157,090 "," 18,910 "
23103008,2/23/2026," 119,000 "," 118,060 ", 940 
23103008,2/24/2026," 190,000 "," 88,100 "," 101,900 "
23103008,2/25/2026," 417,000 "," 134,000 "," 283,000 "
23103008,2/26/2026," 94,000 "," 27,100 "," 66,900 "
23103008,2/27/2026," 332,000 "," 218,100 "," 113,900 "
23103008,2/28/2026," 213,000 "," 185,200 "," 27,800 "
23103009,2/5/2026," 72,000 "," 54,000 "," 18,000 "
23103009,2/6/2026," 37,000 "," 36,650 ", 350 
23103009,2/7/2026," 31,000 ", 50 ," 30,950 "
23103009,2/8/2026," 64,000 "," 214,080 ","-150,080 "
23103009,2/9/2026," 91,000 "," 121,310 ","-30,310 "
23103009,2/10/2026," 79,000 "," 91,190 ","-12,190 "
23103009,2/11/2026," 29,000 "," 55,000 ","-26,000 "
23103009,2/12/2026," 115,000 "," 70,850 "," 44,150 "
23103009,1/22/2026," 4,000 "," 3,000 "," 1,000 "
23103009,2/13/2026," 167,000 "," 78,160 "," 88,840 "
23103009,2/14/2026," 36,000 "," 9,000 "," 27,000 "
23103009,2/15/2026," 5,000 ", - ," 5,000 "
23103009,2/16/2026," 49,000 "," 21,300 "," 27,700 "
23103009,2/18/2026," 5,000 ", 110 ," 4,890 "
23103009,2/19/2026," 77,000 ", 900 ," 76,100 "
23103009,2/20/2026," 160,000 "," 41,000 "," 119,000 "
23103009,2/21/2026," 614,000 "," 589,590 "," 24,410 "
23103009,2/22/2026," 221,000 "," 52,400 "," 168,600 "
23103009,2/23/2026," 293,000 "," 227,080 "," 65,920 "
23103009,2/24/2026," 426,000 "," 417,250 "," 8,750 "
23103009,2/25/2026," 245,000 "," 197,800 "," 47,200 "
23103009,2/26/2026," 435,000 "," 502,110 ","-67,110 "
23103009,2/27/2026," 289,000 "," 133,800 "," 155,200 "
23103009,2/28/2026," 364,000 "," 188,000 "," 176,000 "
23103010,2/1/2026," 193,000 "," 128,350 "," 64,650 "
23103010,2/2/2026," 162,000 "," 219,040 ","-57,040 "
23103010,2/3/2026," 118,000 "," 39,000 "," 79,000 "
23103010,2/4/2026," 253,000 "," 184,180 "," 68,820 "
23103010,1/5/2026," 20,000 "," 1,400 "," 18,600 "
23103010,2/5/2026," 74,000 "," 60,000 "," 14,000 "
23103010,1/6/2026," 72,000 "," 43,020 "," 28,980 "
23103010,2/6/2026," 394,000 "," 508,950 ","-114,950 "
23103010,1/7/2026," 93,000 "," 82,800 "," 10,200 "
23103010,2/7/2026," 558,000 "," 614,100 ","-56,100 "
23103010,1/8/2026," 255,000 "," 183,400 "," 71,600 "
23103010,2/8/2026," 634,000 "," 413,500 "," 220,500 "
23103010,1/9/2026," 185,000 "," 129,200 "," 55,800 "
23103010,2/9/2026," 378,000 "," 361,760 "," 16,240 "
23103010,1/10/2026," 228,000 "," 256,920 ","-28,920 "
23103010,2/10/2026," 367,000 "," 216,050 "," 150,950 "
23103010,1/11/2026," 945,000 "," 1,380,070 ","-435,070 "
23103010,2/11/2026," 179,000 "," 136,380 "," 42,620 "
23103010,1/12/2026," 268,000 "," 245,180 "," 22,820 "
23103010,2/12/2026," 71,000 "," 27,100 "," 43,900 "
23103010,1/13/2026," 5,000 ", - ," 5,000 "
23103010,1/18/2026," 82,000 "," 60,280 "," 21,720 "
23103010,1/19/2026," 189,000 "," 144,240 "," 44,760 "
23103010,1/20/2026," 34,000 "," 9,060 "," 24,940 "
23103010,1/22/2026," 51,000 "," 18,000 "," 33,000 "
23103010,1/23/2026," 6,000 "," 45,660 ","-39,660 "
23103010,1/24/2026," 104,000 "," 69,000 "," 35,000 "
23103010,1/26/2026," 119,000 "," 91,850 "," 27,150 "
23103010,1/29/2026," 88,000 "," 74,240 "," 13,760 "
23103010,1/30/2026," 106,000 "," 48,000 "," 58,000 "
23103010,1/31/2026," 164,000 "," 53,000 "," 111,000 "
23103010,2/13/2026," 123,000 "," 94,600 "," 28,400 "
23103010,2/14/2026," 188,000 "," 209,970 ","-21,970 "
23103010,2/15/2026," 239,000 "," 250,100 ","-11,100 "
23103010,2/16/2026," 346,000 "," 145,340 "," 200,660 "
23103010,2/17/2026," 126,000 "," 16,000 "," 110,000 "
23103010,2/18/2026," 66,000 "," 4,000 "," 62,000 "
23103010,2/19/2026," 94,000 "," 76,960 "," 17,040 "
23103010,2/20/2026," 153,000 "," 128,100 "," 24,900 "
23103010,2/21/2026," 400,000 "," 338,260 "," 61,740 "
23103010,2/22/2026," 120,000 "," 37,660 "," 82,340 "
23103010,2/23/2026," 186,000 "," 166,930 "," 19,070 "
23103010,2/24/2026," 78,000 "," 4,100 "," 73,900 "
23103010,2/25/2026," 79,000 "," 62,300 "," 16,700 "
23103010,2/26/2026," 141,000 "," 149,000 ","-8,000 "
23103010,2/27/2026," 34,000 "," 8,000 "," 26,000 "
23103011,2/1/2026," 27,000 "," 18,000 "," 9,000 "
23103011,2/2/2026," 120,000 "," 50,180 "," 69,820 "
23103011,2/3/2026," 227,000 "," 168,250 "," 58,750 "
23103011,2/4/2026," 114,000 "," 90,140 "," 23,860 "
23103011,2/5/2026," 182,000 "," 115,060 "," 66,940 "
23103011,2/6/2026," 97,000 "," 150,000 ","-53,000 "
23103011,1/9/2026," 7,000 ", - ," 7,000 "
23103011,1/10/2026," 84,000 "," 50,740 "," 33,260 "
23103011,2/10/2026," 55,000 "," 76,000 ","-21,000 "
23103011,1/11/2026," 26,000 ", 300 ," 25,700 "
23103011,1/12/2026," 109,000 "," 6,180 "," 102,820 "
23103011,1/13/2026," 6,000 "," 2,000 "," 4,000 "
23103011,1/20/2026," 2,000 ", - ," 2,000 "
23103011,1/26/2026," 2,000 ", - ," 2,000 "
23103011,1/27/2026," 90,000 "," 42,150 "," 47,850 "
23103011,1/29/2026," 59,000 "," 73,000 ","-14,000 "
23103011,1/30/2026," 60,000 "," 3,750 "," 56,250 "
23103011,1/31/2026," 9,000 "," 3,000 "," 6,000 "
23103011,2/13/2026," 165,000 "," 73,000 "," 92,000 "
23103011,2/14/2026," 8,000 "," 3,000 "," 5,000 "
23103011,2/15/2026," 77,000 "," 26,000 "," 51,000 "
23103011,2/16/2026," 149,000 "," 30,000 "," 119,000 "
23103011,2/17/2026," 42,000 "," 31,500 "," 10,500 "
23103011,2/18/2026," 74,000 "," 41,000 "," 33,000 "
23103011,2/19/2026," 110,000 "," 115,360 ","-5,360 "
23103011,2/20/2026," 174,000 "," 67,030 "," 106,970 "
23103011,2/21/2026," 56,000 "," 20,000 "," 36,000 "
23103011,2/22/2026," 70,000 "," 24,000 "," 46,000 "
23103011,2/23/2026," 41,000 "," 39,050 "," 1,950 "
23103011,2/24/2026," 8,000 "," 5,080 "," 2,920 "
23103011,2/26/2026," 102,000 "," 47,180 "," 54,820 "
23103011,2/27/2026," 77,000 "," 184,050 ","-107,050 "
23103011,2/28/2026," 46,000 "," 28,000 "," 18,000 "
23103012,1/10/2026," 3,000 ", - ," 3,000 "
23103012,2/10/2026," 238,000 ", - ," 238,000 "
23103012,1/11/2026," 2,000 ", - ," 2,000 "
23103012,2/11/2026," 33,000 "," 26,000 "," 7,000 "
23103012,1/12/2026," 3,000 ", - ," 3,000 "
23103012,1/13/2026," 20,000 "," 15,000 "," 5,000 "
23103012,1/17/2026," 2,000 ", - ," 2,000 "
23103012,2/13/2026," 58,000 "," 82,160 ","-24,160 "
23103012,2/14/2026," 1,000 ", - ," 1,000 "
23103012,2/16/2026," 1,000 ", - ," 1,000 "
23103012,2/17/2026," 3,000 ", - ," 3,000 "
23103012,2/18/2026," 20,000 "," 15,100 "," 4,900 "
23103013,1/10/2026," 7,000 ", - ," 7,000 "
23103013,1/11/2026," 24,000 "," 7,800 "," 16,200 "
23103013,1/12/2026," 37,000 "," 60,300 ","-23,300 "
23103013,1/13/2026," 27,000 "," 4,000 "," 23,000 "
23103013,2/13/2026," 14,000 "," 10,000 "," 4,000 "
23103013,2/14/2026," 15,000 "," 6,000 "," 9,000 "
23103013,2/15/2026," 29,000 "," 10,000 "," 19,000 "
23103013,2/16/2026," 14,000 "," 5,000 "," 9,000 "
23103013,2/17/2026," 33,000 "," 6,000 "," 27,000 "
23103013,2/19/2026," 5,000 "," 8,150 ","-3,150 "
23103013,2/20/2026," 3,000 "," 200,200 ","-197,200 "
23103014,1/4/2026," 225,000 "," 218,360 "," 6,640 "
23103014,1/5/2026," 86,000 "," 44,000 "," 42,000 "
23103014,1/6/2026," 60,000 "," 27,000 "," 33,000 "
23103014,1/7/2026," 98,000 "," 131,750 ","-33,750 "
23103014,1/8/2026," 63,000 "," 43,080 "," 19,920 "
23103014,1/9/2026," 133,000 "," 54,800 "," 78,200 "
23103014,1/10/2026," 18,000 "," 12,000 "," 6,000 "
23103014,1/11/2026," 60,000 "," 29,000 "," 31,000 "
23103014,2/11/2026," 2,000 "," 1,000 "," 1,000 "
23103014,1/12/2026," 106,000 "," 42,050 "," 63,950 "
23103014,1/18/2026," 21,000 ", - ," 21,000 "
23103014,2/13/2026," 42,000 "," 41,160 ", 840 
23103014,2/14/2026," 43,000 "," 32,000 "," 11,000 "
23103014,2/15/2026," 30,000 "," 18,620 "," 11,380 "
23103014,2/16/2026," 30,000 "," 26,000 "," 4,000 "
23103014,2/17/2026," 89,000 "," 78,600 "," 10,400 "
23103014,2/18/2026," 6,000 ", - ," 6,000 "
23103014,2/19/2026," 23,000 "," 16,000 "," 7,000 "
23103014,2/20/2026," 51,000 "," 13,000 "," 38,000 "
23103014,2/21/2026," 42,000 "," 73,380 ","-31,380 "
23103014,2/22/2026," 93,000 "," 70,000 "," 23,000 "
23103014,2/23/2026," 81,000 "," 95,200 ","-14,200 "
23103014,2/25/2026," 435,000 "," 430,850 "," 4,150 "
23103014,2/26/2026," 452,000 "," 433,500 "," 18,500 "
23103014,2/27/2026," 115,000 "," 83,000 "," 32,000 "
23103014,2/28/2026," 160,000 "," 129,500 "," 30,500 "
23103015,2/14/2026," 301,000 "," 618,000 ","-317,000 "
23103015,2/15/2026," 1,436,000 "," 1,642,370 ","-206,370 "
23103015,2/16/2026," 90,000 "," 24,000 "," 66,000 "
23103015,2/17/2026," 687,000 "," 917,200 ","-230,200 "
23103015,2/18/2026," 685,000 "," 820,250 ","-135,250 "
23103015,2/19/2026," 775,000 "," 380,060 "," 394,940 "
23103015,2/20/2026," 4,688,000 "," 3,834,190 "," 853,810 "
23103015,2/21/2026," 1,308,000 "," 1,363,870 ","-55,870 "
23103015,2/22/2026," 4,191,000 "," 393,000 "," 3,798,000 "
23103015,2/23/2026," 1,699,000 "," 4,701,000 ","-3,002,000 "
23103015,2/24/2026," 2,381,000 "," 1,075,000 "," 1,306,000 "
23103015,2/25/2026," 682,000 "," 601,370 "," 80,630 "
23103015,2/26/2026," 1,928,000 "," 1,686,480 "," 241,520 "
23103015,2/27/2026," 1,011,000 "," 1,106,230 ","-95,230 "
23103015,2/28/2026," 961,000 "," 1,027,240 ","-66,240 "
23103016,1/1/2026," 2,319,000 "," 689,210 "," 1,629,790 "
23103016,2/1/2026," 2,213,000 "," 1,606,000 "," 607,000 "
23103016,1/2/2026," 511,000 "," 366,130 "," 144,870 "
23103016,2/2/2026," 226,000 "," 238,100 ","-12,100 "
23103016,1/3/2026," 2,290,000 "," 2,077,080 "," 212,920 "
23103016,2/3/2026," 293,000 "," 144,040 "," 148,960 "
23103016,1/4/2026," 516,000 "," 774,090 ","-258,090 "
23103016,2/4/2026," 308,000 "," 270,090 "," 37,910 "
23103016,1/5/2026," 291,000 "," 737,000 ","-446,000 "
23103016,2/5/2026," 184,000 "," 13,100 "," 170,900 "
23103016,1/6/2026," 718,000 "," 591,260 "," 126,740 "
23103016,2/6/2026," 51,000 "," 109,000 ","-58,000 "
23103016,1/7/2026," 127,000 "," 181,130 ","-54,130 "
23103016,2/7/2026," 1,580,000 "," 1,839,500 ","-259,500 "
23103016,1/8/2026," 1,319,000 "," 1,090,000 "," 229,000 "
23103016,2/8/2026," 1,236,000 "," 4,767,000 ","-3,531,000 "
23103016,1/9/2026," 943,000 "," 704,550 "," 238,450 "
23103016,2/9/2026," 452,000 "," 82,000 "," 370,000 "
23103016,1/10/2026," 1,741,000 "," 1,581,100 "," 159,900 "
23103016,2/10/2026," 140,000 "," 29,100 "," 110,900 "
23103016,1/11/2026," 189,000 "," 393,000 ","-204,000 "
23103016,2/11/2026," 1,826,000 "," 2,239,000 ","-413,000 "
23103016,1/12/2026," 263,000 "," 225,300 "," 37,700 "
23103016,2/12/2026," 162,000 "," 248,000 ","-86,000 "
23103016,1/13/2026," 38,000 "," 40,000 ","-2,000 "
23103016,1/18/2026," 45,000 "," 53,050 ","-8,050 "
23103016,1/19/2026," 2,424,000 "," 2,719,810 ","-295,810 "
23103016,1/20/2026," 1,144,000 "," 583,500 "," 560,500 "
23103016,1/21/2026," 211,000 "," 3,000 "," 208,000 "
23103016,1/22/2026," 679,000 "," 528,000 "," 151,000 "
23103016,1/23/2026," 449,000 "," 195,000 "," 254,000 "
23103016,1/24/2026," 721,000 "," 363,200 "," 357,800 "
23103016,1/25/2026," 416,000 "," 165,150 "," 250,850 "
23103016,1/26/2026," 671,000 "," 769,200 ","-98,200 "
23103016,1/27/2026," 1,250,000 "," 1,051,200 "," 198,800 "
23103016,1/28/2026," 407,000 "," 292,120 "," 114,880 "
23103016,1/29/2026," 1,021,000 "," 884,600 "," 136,400 "
23103016,1/30/2026," 260,000 "," 134,000 "," 126,000 "
23103016,1/31/2026," 718,000 "," 761,000 ","-43,000 "
23103016,12/24/2025," 579,000 "," 616,480 ","-37,480 "
23103016,12/25/2025," 565,000 "," 206,020 "," 358,980 "
23103016,12/26/2025," 740,000 "," 302,000 "," 438,000 "
23103016,12/27/2025," 493,000 "," 181,330 "," 311,670 "
23103016,12/28/2025," 778,000 "," 579,200 "," 198,800 "
23103016,12/29/2025," 344,000 "," 78,020 "," 265,980 "
23103016,12/30/2025," 1,804,000 "," 1,440,100 "," 363,900 "
23103016,12/31/2025," 4,104,000 "," 3,818,160 "," 285,840 "
23103016,2/13/2026," 2,268,000 "," 2,455,000 ","-187,000 "
23103016,2/14/2026," 217,000 "," 155,000 "," 62,000 "
23103016,2/15/2026," 2,336,000 "," 2,287,300 "," 48,700 "
23103016,2/16/2026," 5,000 ", - ," 5,000 "
23103016,2/17/2026," 268,000 "," 248,000 "," 20,000 "
23103016,2/19/2026," 205,000 "," 113,000 "," 92,000 "
23103016,2/20/2026," 213,000 "," 111,000 "," 102,000 "
23103016,2/21/2026," 497,000 "," 456,100 "," 40,900 "
23103016,2/22/2026," 1,265,000 "," 2,383,000 ","-1,118,000 "
23103016,2/23/2026," 296,000 "," 230,000 "," 66,000 "
23103016,2/24/2026," 451,000 "," 475,000 ","-24,000 "
23103016,2/25/2026," 322,000 "," 239,100 "," 82,900 "
23103016,2/26/2026," 182,000 "," 289,000 ","-107,000 "
23103016,2/27/2026," 236,000 "," 137,130 "," 98,870 "
23103016,2/28/2026," 83,000 "," 31,700 "," 51,300 "
23103017,2/2/2026," 46,000 "," 90,000 ","-44,000 "
23103017,2/4/2026," 19,000 "," 30,000 ","-11,000 "
23103017,2/5/2026," 143,000 "," 120,120 "," 22,880 "
23103017,2/7/2026," 17,000 "," 10,000 "," 7,000 "
23103017,2/8/2026," 50,000 "," 85,000 ","-35,000 "
23103017,2/9/2026," 8,000 "," 15,000 ","-7,000 "
23103017,2/10/2026," 47,000 "," 72,000 ","-25,000 "
23103017,1/28/2026," 48,000 "," 3,000 "," 45,000 "
23103017,1/29/2026," 145,000 "," 95,290 "," 49,710 "
23103017,1/30/2026," 60,000 "," 20,100 "," 39,900 "
23103017,1/31/2026," 94,000 "," 345,160 ","-251,160 "
23103017,2/13/2026," 290,000 "," 633,300 ","-343,300 "
23103017,2/14/2026," 807,000 "," 731,040 "," 75,960 "
23103017,2/15/2026," 228,000 "," 179,100 "," 48,900 "
23103017,2/16/2026," 273,000 "," 130,030 "," 142,970 "
23103017,2/17/2026," 192,000 "," 165,200 "," 26,800 "
23103017,2/18/2026," 314,000 "," 237,000 "," 77,000 "
23103017,2/19/2026," 282,000 "," 265,750 "," 16,250 "
23103017,2/20/2026," 452,000 "," 294,200 "," 157,800 "
23103017,2/21/2026," 506,000 "," 426,000 "," 80,000 "
23103017,2/22/2026," 71,000 "," 85,000 ","-14,000 "
23103017,2/23/2026," 329,000 "," 210,000 "," 119,000 "
23103017,2/24/2026," 347,000 "," 174,850 "," 172,150 "
23103017,2/25/2026," 134,000 "," 5,000 "," 129,000 "
23103017,2/26/2026," 448,000 "," 342,770 "," 105,230 "
23103017,2/27/2026," 580,000 "," 486,800 "," 93,200 "
23103017,2/28/2026," 559,000 "," 426,000 "," 133,000 "
23103018,2/1/2026," 1,334,000 "," 1,156,000 "," 178,000 "
23103018,2/2/2026," 414,000 "," 445,000 ","-31,000 "
23103018,1/3/2026," 104,000 "," 65,020 "," 38,980 "
23103018,2/3/2026," 797,000 "," 668,000 "," 129,000 "
23103018,1/4/2026," 50,000 "," 17,500 "," 32,500 "
23103018,2/4/2026," 932,000 "," 798,000 "," 134,000 "
23103018,1/5/2026," 62,000 "," 55,180 "," 6,820 "
23103018,2/5/2026," 1,122,000 "," 667,500 "," 454,500 "
23103018,1/6/2026," 39,000 "," 85,000 ","-46,000 "
23103018,2/6/2026," 1,906,000 "," 1,846,500 "," 59,500 "
23103018,1/7/2026," 55,000 "," 72,580 ","-17,580 "
23103018,2/7/2026," 1,041,000 "," 794,050 "," 246,950 "
23103018,1/8/2026," 32,000 "," 48,080 ","-16,080 "
23103018,2/8/2026," 1,522,000 "," 835,500 "," 686,500 "
23103018,1/9/2026," 164,000 "," 82,000 "," 82,000 "
23103018,2/9/2026," 777,000 "," 513,200 "," 263,800 "
23103018,1/10/2026," 5,000 "," 3,000 "," 2,000 "
23103018,2/10/2026," 1,161,000 "," 777,220 "," 383,780 "
23103018,1/11/2026," 78,000 "," 56,100 "," 21,900 "
23103018,2/11/2026," 326,000 "," 192,000 "," 134,000 "
23103018,1/12/2026," 69,000 "," 58,000 "," 11,000 "
23103018,2/12/2026," 1,032,000 "," 1,158,000 ","-126,000 "
23103018,1/13/2026," 398,000 "," 400,210 ","-2,210 "
23103018,1/18/2026," 28,000 "," 7,000 "," 21,000 "
23103018,1/19/2026," 149,000 "," 161,160 ","-12,160 "
23103018,1/20/2026," 179,000 "," 55,000 "," 124,000 "
23103018,1/21/2026," 55,000 "," 47,000 "," 8,000 "
23103018,1/22/2026," 84,000 "," 61,000 "," 23,000 "
23103018,1/23/2026," 97,000 "," 88,000 "," 9,000 "
23103018,1/24/2026," 139,000 "," 95,900 "," 43,100 "
23103018,1/25/2026," 54,000 "," 50,000 "," 4,000 "
23103018,1/26/2026," 38,000 "," 12,000 "," 26,000 "
23103018,1/27/2026," 31,000 "," 9,000 "," 22,000 "
23103018,1/28/2026," 18,000 "," 38,000 ","-20,000 "
23103018,1/30/2026," 245,000 "," 199,000 "," 46,000 "
23103018,1/31/2026," 1,370,000 "," 1,470,000 ","-100,000 "
23103018,2/13/2026," 887,000 "," 514,000 "," 373,000 "
23103018,2/14/2026," 810,000 "," 579,000 "," 231,000 "
23103018,2/15/2026," 547,000 "," 626,000 ","-79,000 "
23103018,2/16/2026," 2,330,000 "," 2,969,060 ","-639,060 "
23103018,2/17/2026," 1,633,000 "," 774,000 "," 859,000 "
23103018,2/18/2026," 427,000 "," 389,500 "," 37,500 "
23103018,2/19/2026," 470,000 "," 158,000 "," 312,000 "
23103018,2/20/2026," 497,000 "," 177,000 "," 320,000 "
23103018,2/21/2026," 553,000 "," 563,500 ","-10,500 "
23103018,2/22/2026," 869,000 "," 704,500 "," 164,500 "
23103018,2/23/2026," 879,000 "," 641,100 "," 237,900 "
23103018,2/24/2026," 315,000 "," 298,500 "," 16,500 "
23103018,2/25/2026," 545,000 "," 447,000 "," 98,000 "
23103018,2/26/2026," 644,000 "," 383,000 "," 261,000 "
23103018,2/27/2026," 1,155,000 "," 993,000 "," 162,000 "
23103018,2/28/2026," 646,000 "," 913,000 ","-267,000 "
23103019,1/1/2026," 911,000 "," 742,000 "," 169,000 "
23103019,2/1/2026," 193,000 "," 346,040 ","-153,040 "
23103019,1/2/2026," 1,200,000 "," 1,046,670 "," 153,330 "
23103019,2/2/2026," 383,000 "," 363,060 "," 19,940 "
23103019,1/3/2026," 821,000 "," 640,050 "," 180,950 "
23103019,2/3/2026," 1,896,000 "," 1,184,300 "," 711,700 "
23103019,1/4/2026," 378,000 "," 340,000 "," 38,000 "
23103019,2/4/2026," 1,789,000 "," 1,781,150 "," 7,850 "
23103019,1/5/2026," 777,000 "," 458,240 "," 318,760 "
23103019,2/5/2026," 692,000 "," 292,400 "," 399,600 "
23103019,1/6/2026," 646,000 "," 676,030 ","-30,030 "
23103019,2/6/2026," 422,000 "," 526,810 ","-104,810 "
23103019,1/7/2026," 376,000 "," 449,560 ","-73,560 "
23103019,2/7/2026," 2,483,000 "," 2,517,100 ","-34,100 "
23103019,1/8/2026," 364,000 "," 200,000 "," 164,000 "
23103019,2/8/2026," 451,000 "," 386,040 "," 64,960 "
23103019,1/9/2026," 733,000 "," 434,600 "," 298,400 "
23103019,2/9/2026," 179,000 "," 381,070 ","-202,070 "
23103019,1/10/2026," 404,000 "," 480,040 ","-76,040 "
23103019,2/10/2026," 895,000 "," 1,023,170 ","-128,170 "
23103019,1/11/2026," 330,000 "," 350,040 ","-20,040 "
23103019,2/11/2026," 2,183,000 "," 2,144,280 "," 38,720 "
23103019,1/12/2026," 469,000 "," 293,000 "," 176,000 "
23103019,2/12/2026," 709,000 "," 650,000 "," 59,000 "
23103019,1/13/2026," 1,003,000 "," 550,100 "," 452,900 "
23103019,1/14/2026," 1,779,000 "," 1,450,000 "," 329,000 "
23103019,1/18/2026," 610,000 "," 360,060 "," 249,940 "
23103019,1/19/2026," 464,000 "," 281,160 "," 182,840 "
23103019,1/20/2026," 1,433,000 "," 1,436,700 ","-3,700 "
23103019,1/21/2026," 1,664,000 "," 969,050 "," 694,950 "
23103019,1/22/2026," 2,569,000 "," 2,113,200 "," 455,800 "
23103019,1/23/2026," 1,505,000 "," 1,172,000 "," 333,000 "
23103019,1/24/2026," 2,153,000 "," 1,638,800 "," 514,200 "
23103019,1/25/2026," 424,000 "," 234,500 "," 189,500 "
23103019,1/26/2026," 2,695,000 "," 2,123,540 "," 571,460 "
23103019,1/27/2026," 4,084,000 "," 2,874,750 "," 1,209,250 "
23103019,1/28/2026," 488,000 "," 595,100 ","-107,100 "
23103019,1/29/2026," 855,000 "," 231,040 "," 623,960 "
23103019,1/30/2026," 3,040,000 "," 1,768,600 "," 1,271,400 "
23103019,1/31/2026," 1,893,000 "," 1,537,280 "," 355,720 "
23103019,12/15/2025," 162,000 "," 116,000 "," 46,000 "
23103019,12/16/2025," 228,000 "," 30,000 "," 198,000 "
23103019,12/17/2025," 924,000 "," 584,010 "," 339,990 "
23103019,12/18/2025," 348,000 "," 546,060 ","-198,060 "
23103019,12/19/2025," 411,000 "," 279,000 "," 132,000 "
23103019,12/20/2025," 1,001,000 "," 502,100 "," 498,900 "
23103019,12/21/2025," 672,000 "," 734,100 ","-62,100 "
23103019,12/22/2025," 1,480,000 "," 718,000 "," 762,000 "
23103019,12/23/2025," 1,238,000 "," 1,445,010 ","-207,010 "
23103019,12/24/2025," 351,000 "," 106,000 "," 245,000 "
23103019,12/25/2025," 969,000 "," 670,180 "," 298,820 "
23103019,12/26/2025," 2,171,000 "," 2,295,000 ","-124,000 "
23103019,12/27/2025," 2,075,000 "," 1,860,000 "," 215,000 "
23103019,12/28/2025," 773,000 "," 411,080 "," 361,920 "
23103019,12/29/2025," 225,000 "," 159,000 "," 66,000 "
23103019,12/30/2025," 741,000 "," 677,000 "," 64,000 "
23103019,12/31/2025," 1,313,000 "," 1,112,820 "," 200,180 "
23103019,2/13/2026," 3,335,000 "," 3,440,100 ","-105,100 "
23103019,2/14/2026," 313,000 "," 113,000 "," 200,000 "
23103019,2/15/2026," 938,000 "," 634,100 "," 303,900 "
23103019,2/16/2026," 402,000 "," 274,000 "," 128,000 "
23103019,2/17/2026," 449,000 "," 272,280 "," 176,720 "
23103019,2/18/2026," 1,160,000 "," 538,000 "," 622,000 "
23103019,2/19/2026," 2,785,000 "," 2,280,300 "," 504,700 "
23103019,2/20/2026," 1,687,000 "," 1,263,620 "," 423,380 "
23103019,2/21/2026," 1,460,000 "," 1,779,500 ","-319,500 "
23103019,2/22/2026," 627,000 "," 423,100 "," 203,900 "
23103019,2/23/2026," 1,768,000 "," 1,363,490 "," 404,510 "
23103019,2/24/2026," 1,600,000 "," 856,100 "," 743,900 "
23103019,2/25/2026," 335,000 "," 200,000 "," 135,000 "
23103019,2/26/2026," 88,000 "," 68,000 "," 20,000 "
23103019,2/27/2026," 268,000 "," 195,000 "," 73,000 "
23103019,2/28/2026," 2,668,000 "," 1,440,400 "," 1,227,600 "
23103020,1/1/2026," 711,000 "," 435,100 "," 275,900 "
23103020,2/1/2026," 222,000 "," 260,000 ","-38,000 "
23103020,1/2/2026," 878,000 "," 571,000 "," 307,000 "
23103020,2/2/2026," 1,000 ", - ," 1,000 "
23103020,1/3/2026," 286,000 "," 380,000 ","-94,000 "
23103020,2/3/2026," 777,000 "," 1,105,050 ","-328,050 "
23103020,1/4/2026," 841,000 "," 561,000 "," 280,000 "
23103020,2/4/2026," 1,022,000 "," 844,020 "," 177,980 "
23103020,1/5/2026," 378,000 "," 270,000 "," 108,000 "
23103020,2/5/2026," 1,177,000 "," 1,131,450 "," 45,550 "
23103020,1/6/2026," 507,000 "," 172,000 "," 335,000 "
23103020,2/6/2026," 2,693,000 "," 1,969,500 "," 723,500 "
23103020,1/7/2026," 211,000 "," 211,000 ", - 
23103020,2/7/2026," 1,352,000 "," 958,000 "," 394,000 "
23103020,1/8/2026," 114,000 "," 150,000 ","-36,000 "
23103020,2/8/2026," 1,490,000 "," 1,369,000 "," 121,000 "
23103020,1/9/2026," 425,000 "," 412,000 "," 13,000 "
23103020,2/9/2026," 1,197,000 "," 879,820 "," 317,180 "
23103020,1/10/2026," 976,000 "," 820,000 "," 156,000 "
23103020,2/10/2026," 983,000 "," 1,146,200 ","-163,200 "
23103020,1/11/2026," 468,000 "," 435,000 "," 33,000 "
23103020,2/11/2026," 137,000 "," 218,000 ","-81,000 "
23103020,1/12/2026," 839,000 "," 684,000 "," 155,000 "
23103020,2/12/2026," 827,000 "," 1,223,420 ","-396,420 "
23103020,1/13/2026," 2,212,000 "," 2,098,000 "," 114,000 "
23103020,1/14/2026," 243,000 "," 289,300 ","-46,300 "
23103020,1/18/2026," 566,000 "," 310,000 "," 256,000 "
23103020,1/19/2026," 943,000 "," 697,100 "," 245,900 "
23103020,1/20/2026," 1,098,000 "," 749,150 "," 348,850 "
23103020,1/21/2026," 1,430,000 "," 1,304,000 "," 126,000 "
23103020,1/22/2026," 328,000 "," 108,050 "," 219,950 "
23103020,1/23/2026," 379,000 "," 246,200 "," 132,800 "
23103020,1/24/2026," 768,000 "," 1,518,500 ","-750,500 "
23103020,1/25/2026," 542,000 "," 408,000 "," 134,000 "
23103020,1/26/2026," 838,000 "," 840,000 ","-2,000 "
23103020,1/27/2026," 85,000 "," 64,000 "," 21,000 "
23103020,1/28/2026," 736,000 "," 634,000 "," 102,000 "
23103020,1/29/2026," 979,000 "," 1,070,050 ","-91,050 "
23103020,1/30/2026," 156,000 "," 165,100 ","-9,100 "
23103020,1/31/2026," 568,000 "," 606,000 ","-38,000 "
23103020,12/15/2025," 142,000 "," 90,000 "," 52,000 "
23103020,12/16/2025," 651,000 "," 748,000 ","-97,000 "
23103020,12/17/2025," 249,000 "," 318,000 ","-69,000 "
23103020,12/18/2025," 498,000 "," 382,000 "," 116,000 "
23103020,12/19/2025," 533,000 "," 656,000 ","-123,000 "
23103020,12/30/2025," 371,000 "," 158,000 "," 213,000 "
23103020,12/31/2025," 527,000 "," 400,140 "," 126,860 "
23103020,2/13/2026," 1,802,000 "," 2,176,580 ","-374,580 "
23103020,2/14/2026," 1,775,000 "," 1,493,320 "," 281,680 "
23103020,2/15/2026," 1,951,000 "," 1,538,200 "," 412,800 "
23103020,2/16/2026," 1,289,000 "," 364,400 "," 924,600 "
23103020,2/17/2026," 247,000 "," 219,000 "," 28,000 "
23103020,2/18/2026," 1,006,000 "," 616,000 "," 390,000 "
23103020,2/19/2026," 651,000 "," 735,000 ","-84,000 "
23103020,2/20/2026," 981,000 "," 705,280 "," 275,720 "
23103020,2/21/2026," 1,039,000 "," 1,331,440 ","-292,440 "
23103020,2/22/2026," 759,000 "," 458,000 "," 301,000 "
23103020,2/23/2026," 1,038,000 "," 1,039,680 ","-1,680 "
23103020,2/24/2026," 748,000 "," 462,390 "," 285,610 "
23103020,2/25/2026," 575,000 "," 237,500 "," 337,500 "
23103020,2/26/2026," 590,000 "," 184,880 "," 405,120 "
23103020,2/27/2026," 721,000 "," 636,500 "," 84,500 "
23103020,2/28/2026," 867,000 "," 1,180,890 ","-313,890 "
23103021,2/1/2026," 1,625,000 "," 934,200 "," 690,800 "
23103021,2/2/2026," 2,383,000 "," 1,705,100 "," 677,900 "
23103021,2/3/2026," 330,000 "," 454,110 ","-124,110 "
23103021,2/4/2026," 420,000 "," 617,600 ","-197,600 "
23103021,1/6/2026," 2,000 ", - ," 2,000 "
23103021,2/6/2026," 538,000 "," 664,210 ","-126,210 "
23103021,2/7/2026," 12,669,000 "," 11,595,100 "," 1,073,900 "
23103021,2/8/2026," 2,039,000 "," 1,878,300 "," 160,700 "
23103021,2/9/2026," 1,391,000 "," 1,653,450 ","-262,450 "
23103021,1/10/2026," 360,000 "," 782,100 ","-422,100 "
23103021,2/10/2026," 511,000 "," 285,500 "," 225,500 "
23103021,2/11/2026," 643,000 "," 602,100 "," 40,900 "
23103021,1/12/2026," 75,000 "," 40,050 "," 34,950 "
23103021,2/12/2026," 232,000 "," 165,000 "," 67,000 "
23103021,1/13/2026," 699,000 "," 870,200 ","-171,200 "
23103021,1/14/2026," 716,000 "," 295,000 "," 421,000 "
23103021,1/18/2026," 167,000 ", - ," 167,000 "
23103021,1/19/2026," 570,000 "," 333,000 "," 237,000 "
23103021,1/20/2026," 3,576,000 "," 2,788,000 "," 788,000 "
23103021,1/21/2026," 4,379,000 "," 2,920,300 "," 1,458,700 "
23103021,1/22/2026," 401,000 "," 99,000 "," 302,000 "
23103021,1/23/2026," 1,400,000 "," 750,000 "," 650,000 "
23103021,1/24/2026," 394,000 "," 262,000 "," 132,000 "
23103021,1/25/2026," 136,000 "," 126,060 "," 9,940 "
23103021,1/28/2026," 743,000 "," 1,278,000 ","-535,000 "
23103021,1/29/2026," 250,000 ", - ," 250,000 "
23103021,1/30/2026," 433,000 "," 355,000 "," 78,000 "
23103021,1/31/2026," 731,000 "," 334,100 "," 396,900 "
23103021,2/13/2026," 687,000 "," 702,150 ","-15,150 "
23103021,2/14/2026," 6,706,000 "," 4,939,400 "," 1,766,600 "
23103021,2/15/2026," 472,000 "," 306,000 "," 166,000 "
23103021,2/16/2026," 743,000 "," 1,455,000 ","-712,000 "
23103021,2/17/2026," 2,014,000 "," 832,000 "," 1,182,000 "
23103021,2/18/2026," 572,000 "," 525,000 "," 47,000 "
23103021,2/19/2026," 451,000 "," 1,000 "," 450,000 "
23103021,2/21/2026," 1,255,000 "," 1,479,100 ","-224,100 "
23103021,2/22/2026," 335,000 "," 179,000 "," 156,000 "
23103021,2/23/2026," 483,000 "," 241,000 "," 242,000 "
23103021,2/24/2026," 90,000 ", - ," 90,000 "
23103021,2/25/2026," 5,520,000 "," 6,512,300 ","-992,300 "
23103021,2/26/2026," 388,000 "," 172,220 "," 215,780 "
23103021,2/27/2026," 445,000 "," 218,500 "," 226,500 "
23103022,2/1/2026," 441,000 "," 228,800 "," 212,200 "
23103022,1/2/2026," 568,000 "," 553,220 "," 14,780 "
23103022,2/2/2026," 596,000 "," 260,290 "," 335,710 "
23103022,1/3/2026," 257,000 "," 116,000 "," 141,000 "
23103022,2/3/2026," 1,707,000 "," 909,120 "," 797,880 "
23103022,1/4/2026," 124,000 "," 256,540 ","-132,540 "
23103022,2/4/2026," 2,760,000 "," 578,330 "," 2,181,670 "
23103022,1/5/2026," 351,000 "," 616,000 ","-265,000 "
23103022,2/5/2026," 1,907,000 "," 3,339,710 ","-1,432,710 "
23103022,1/6/2026," 664,000 "," 680,600 ","-16,600 "
23103022,2/6/2026," 204,000 "," 92,120 "," 111,880 "
23103022,1/7/2026," 88,000 "," 33,180 "," 54,820 "
23103022,2/7/2026," 1,501,000 "," 1,878,440 ","-377,440 "
23103022,1/8/2026," 865,000 "," 727,320 "," 137,680 "
23103022,2/8/2026," 200,000 "," 169,200 "," 30,800 "
23103022,1/9/2026," 554,000 "," 298,160 "," 255,840 "
23103022,2/9/2026," 308,000 "," 354,850 ","-46,850 "
23103022,1/10/2026," 369,000 "," 456,520 ","-87,520 "
23103022,2/10/2026," 249,000 "," 161,200 "," 87,800 "
23103022,1/11/2026," 834,000 "," 718,640 "," 115,360 "
23103022,2/11/2026," 388,000 "," 378,000 "," 10,000 "
23103022,1/12/2026," 1,278,000 "," 2,741,100 ","-1,463,100 "
23103022,2/12/2026," 271,000 "," 221,300 "," 49,700 "
23103022,1/13/2026," 705,000 "," 891,130 ","-186,130 "
23103022,1/18/2026," 1,167,000 "," 576,600 "," 590,400 "
23103022,1/19/2026," 532,000 "," 452,200 "," 79,800 "
23103022,1/20/2026," 467,000 "," 176,100 "," 290,900 "
23103022,1/21/2026," 823,000 "," 532,080 "," 290,920 "
23103022,1/22/2026," 1,040,000 "," 612,040 "," 427,960 "
23103022,1/23/2026," 224,000 ", - ," 224,000 "
23103022,1/24/2026," 295,000 "," 140,120 "," 154,880 "
23103022,1/25/2026," 318,000 "," 199,000 "," 119,000 "
23103022,1/26/2026," 273,000 "," 39,000 "," 234,000 "
23103022,1/27/2026," 154,000 "," 121,000 "," 33,000 "
23103022,1/28/2026," 1,307,000 "," 1,104,080 "," 202,920 "
23103022,1/29/2026," 209,000 "," 289,100 ","-80,100 "
23103022,1/30/2026," 3,075,000 "," 1,957,100 "," 1,117,900 "
23103022,1/31/2026," 391,000 "," 167,450 "," 223,550 "
23103022,12/16/2025," 700,000 "," 620,040 "," 79,960 "
23103022,12/17/2025," 191,000 "," 205,060 ","-14,060 "
23103022,12/18/2025," 941,000 "," 1,334,000 ","-393,000 "
23103022,12/19/2025," 1,545,000 "," 1,014,400 "," 530,600 "
23103022,12/20/2025," 614,000 "," 307,120 "," 306,880 "
23103022,12/21/2025," 819,000 "," 740,250 "," 78,750 "
23103022,12/22/2025," 716,000 "," 62,000 "," 654,000 "
23103022,12/23/2025," 517,000 "," 469,920 "," 47,080 "
23103022,12/24/2025," 2,179,000 "," 1,635,740 "," 543,260 "
23103022,12/25/2025," 167,000 "," 246,100 ","-79,100 "
23103022,12/26/2025," 630,000 "," 440,100 "," 189,900 "
23103022,12/27/2025," 389,000 "," 347,000 "," 42,000 "
23103022,12/28/2025," 360,000 "," 351,130 "," 8,870 "
23103022,12/29/2025," 164,000 "," 44,000 "," 120,000 "
23103022,12/30/2025," 81,000 "," 121,100 ","-40,100 "
23103022,12/31/2025," 313,000 "," 289,160 "," 23,840 "
23103022,2/13/2026," 625,000 "," 800,210 ","-175,210 "
23103022,2/14/2026," 169,000 "," 405,000 ","-236,000 "
23103022,2/15/2026," 800,000 "," 644,450 "," 155,550 "
23103022,2/16/2026," 926,000 "," 762,760 "," 163,240 "
23103022,2/17/2026," 326,000 "," 367,040 ","-41,040 "
23103022,2/18/2026," 347,000 "," 407,000 ","-60,000 "
23103022,2/19/2026," 197,000 "," 87,500 "," 109,500 "
23103022,2/20/2026," 160,000 "," 231,440 ","-71,440 "
23103022,2/21/2026," 856,000 "," 973,280 ","-117,280 "
23103022,2/22/2026," 224,000 "," 164,150 "," 59,850 "
23103022,2/23/2026," 303,000 "," 234,040 "," 68,960 "
23103022,2/24/2026," 1,382,000 "," 1,206,000 "," 176,000 "
23103022,2/25/2026," 784,000 "," 337,000 "," 447,000 "
23103022,2/26/2026," 269,000 "," 1,157,100 ","-888,100 "
23103022,2/27/2026," 558,000 "," 227,000 "," 331,000 "
23103022,2/28/2026," 1,964,000 "," 1,403,380 "," 560,620 "
23103027,1/1/2026," 586,000 "," 555,140 "," 30,860 "
23103027,2/1/2026," 166,000 "," 87,500 "," 78,500 "
23103027,1/2/2026," 1,278,000 "," 1,180,600 "," 97,400 "
23103027,2/2/2026," 393,000 "," 202,000 "," 191,000 "
23103027,1/3/2026," 1,308,000 "," 846,280 "," 461,720 "
23103027,2/3/2026," 430,000 "," 193,400 "," 236,600 "
23103027,1/4/2026," 3,281,000 "," 2,284,440 "," 996,560 "
23103027,2/4/2026," 634,000 "," 333,500 "," 300,500 "
23103027,1/5/2026," 342,000 "," 417,440 ","-75,440 "
23103027,2/5/2026," 300,000 "," 212,000 "," 88,000 "
23103027,1/6/2026," 817,000 "," 572,600 "," 244,400 "
23103027,2/6/2026," 474,000 "," 231,200 "," 242,800 "
23103027,1/7/2026," 577,000 "," 381,150 "," 195,850 "
23103027,2/7/2026," 15,000 "," 19,000 ","-4,000 "
23103027,1/8/2026," 686,000 "," 413,340 "," 272,660 "
23103027,2/8/2026," 582,000 "," 430,000 "," 152,000 "
23103027,1/9/2026," 975,000 "," 786,120 "," 188,880 "
23103027,2/9/2026," 164,000 "," 155,000 "," 9,000 "
23103027,1/10/2026," 502,000 "," 366,460 "," 135,540 "
23103027,2/10/2026," 245,000 "," 130,200 "," 114,800 "
23103027,1/11/2026," 764,000 "," 847,280 ","-83,280 "
23103027,2/11/2026," 336,000 "," 208,100 "," 127,900 "
23103027,1/12/2026," 434,000 "," 552,150 ","-118,150 "
23103027,2/12/2026," 4,314,000 "," 3,855,100 "," 458,900 "
23103027,1/13/2026," 15,000 "," 29,000 ","-14,000 "
23103027,1/18/2026," 194,000 "," 69,400 "," 124,600 "
23103027,1/19/2026," 330,000 "," 381,000 ","-51,000 "
23103027,1/20/2026," 678,000 "," 517,740 "," 160,260 "
23103027,1/21/2026," 417,000 "," 418,300 ","-1,300 "
23103027,1/22/2026," 217,000 "," 208,300 "," 8,700 "
23103027,1/23/2026," 1,653,000 "," 1,225,000 "," 428,000 "
23103027,1/24/2026," 1,192,000 "," 843,200 "," 348,800 "
23103027,1/25/2026," 361,000 "," 354,100 "," 6,900 "
23103027,1/26/2026," 536,000 "," 408,390 "," 127,610 "
23103027,1/27/2026," 165,000 "," 99,000 "," 66,000 "
23103027,1/28/2026," 541,000 "," 402,000 "," 139,000 "
23103027,1/29/2026," 393,000 "," 430,000 ","-37,000 "
23103027,1/30/2026," 2,142,000 "," 1,850,300 "," 291,700 "
23103027,1/31/2026," 523,000 "," 899,000 ","-376,000 "
23103027,12/31/2025," 1,984,000 "," 2,587,600 ","-603,600 "
23103027,2/13/2026," 3,731,000 "," 2,025,400 "," 1,705,600 "
23103027,2/14/2026," 119,000 "," 76,000 "," 43,000 "
23103027,2/15/2026," 456,000 "," 413,100 "," 42,900 "
23103027,2/16/2026," 1,074,000 "," 985,140 "," 88,860 "
23103027,2/17/2026," 356,000 "," 309,150 "," 46,850 "
23103027,2/18/2026," 1,078,000 "," 966,390 "," 111,610 "
23103027,2/19/2026," 344,000 "," 271,360 "," 72,640 "
23103027,2/20/2026," 692,000 "," 771,140 ","-79,140 "
23103027,2/21/2026," 1,034,000 "," 932,240 "," 101,760 "
23103027,2/22/2026," 265,000 "," 257,760 "," 7,240 "
23103027,2/23/2026," 863,000 "," 789,000 "," 74,000 "
23103027,2/24/2026," 294,000 "," 331,180 ","-37,180 "
23103027,2/25/2026," 420,000 "," 231,000 "," 189,000 "
23103027,2/26/2026," 67,000 ", - ," 67,000 "
23103027,2/27/2026," 595,000 "," 719,600 ","-124,600 "
23103027,2/28/2026," 396,000 "," 713,480 ","-317,480 "
23103028,1/1/2026," 2,385,000 "," 1,862,000 "," 523,000 "
23103028,2/1/2026," 1,153,000 "," 1,260,800 ","-107,800 "
23103028,1/2/2026," 368,000 "," 130,000 "," 238,000 "
23103028,2/2/2026," 419,000 "," 535,600 ","-116,600 "
23103028,1/3/2026," 1,157,000 "," 654,150 "," 502,850 "
23103028,2/3/2026," 122,000 "," 122,040 ",-40 
23103028,1/4/2026," 869,000 "," 1,217,150 ","-348,150 "
23103028,2/4/2026," 426,000 "," 176,280 "," 249,720 "
23103028,1/5/2026," 570,000 "," 264,350 "," 305,650 "
23103028,2/5/2026," 881,000 "," 262,160 "," 618,840 "
23103028,1/6/2026," 320,000 "," 307,100 "," 12,900 "
23103028,2/6/2026," 626,000 "," 688,020 ","-62,020 "
23103028,1/7/2026," 189,000 "," 205,000 ","-16,000 "
23103028,2/7/2026," 610,000 "," 535,090 "," 74,910 "
23103028,1/8/2026," 1,035,000 "," 220,910 "," 814,090 "
23103028,2/8/2026," 684,000 "," 518,080 "," 165,920 "
23103028,1/9/2026," 471,000 "," 342,880 "," 128,120 "
23103028,2/9/2026," 162,000 "," 165,050 ","-3,050 "
23103028,1/10/2026," 603,000 "," 351,520 "," 251,480 "
23103028,2/10/2026," 1,357,000 "," 2,107,350 ","-750,350 "
23103028,1/11/2026," 1,327,000 "," 864,650 "," 462,350 "
23103028,2/11/2026," 536,000 "," 603,320 ","-67,320 "
23103028,1/12/2026," 1,248,000 "," 1,683,760 ","-435,760 "
23103028,2/12/2026," 228,000 "," 191,880 "," 36,120 "
23103028,1/13/2026," 466,000 "," 533,100 ","-67,100 "
23103028,1/18/2026," 2,194,000 "," 1,682,500 "," 511,500 "
23103028,1/19/2026," 1,623,000 "," 1,069,000 "," 554,000 "
23103028,1/20/2026," 595,000 "," 144,200 "," 450,800 "
23103028,1/21/2026," 1,078,000 "," 330,170 "," 747,830 "
23103028,1/22/2026," 116,000 "," 23,060 "," 92,940 "
23103028,1/23/2026," 150,000 "," 171,140 ","-21,140 "
23103028,1/24/2026," 120,000 "," 111,000 "," 9,000 "
23103028,1/25/2026," 549,000 "," 250,400 "," 298,600 "
23103028,1/26/2026," 1,091,000 "," 921,900 "," 169,100 "
23103028,1/27/2026," 1,472,000 "," 930,300 "," 541,700 "
23103028,1/28/2026," 1,187,000 "," 478,310 "," 708,690 "
23103028,1/29/2026," 157,000 "," 84,000 "," 73,000 "
23103028,1/30/2026," 287,000 "," 103,000 "," 184,000 "
23103028,1/31/2026," 502,000 "," 393,100 "," 108,900 "
23103028,12/31/2025," 125,000 "," 69,170 "," 55,830 "
23103028,2/13/2026," 394,000 "," 511,450 ","-117,450 "
23103028,2/14/2026," 983,000 "," 1,584,580 ","-601,580 "
23103028,2/15/2026," 1,048,000 "," 901,080 "," 146,920 "
23103028,2/16/2026," 644,000 "," 310,200 "," 333,800 "
23103028,2/17/2026," 3,791,000 "," 3,567,820 "," 223,180 "
23103028,2/18/2026," 1,202,000 "," 1,172,770 "," 29,230 "
23103028,2/19/2026," 848,000 "," 1,214,290 ","-366,290 "
23103028,2/20/2026," 901,000 "," 1,936,620 ","-1,035,620 "
23103028,2/21/2026," 2,304,000 "," 1,070,640 "," 1,233,360 "
23103028,2/22/2026," 511,000 "," 572,100 ","-61,100 "
23103028,2/23/2026," 1,184,000 "," 1,452,670 ","-268,670 "
23103028,2/24/2026," 1,072,000 "," 673,310 "," 398,690 "
23103028,2/25/2026," 874,000 "," 768,500 "," 105,500 "
23103028,2/26/2026," 1,059,000 "," 1,061,750 ","-2,750 "
23103028,2/27/2026," 1,323,000 "," 1,447,350 ","-124,350 "
23103028,2/28/2026," 2,401,000 "," 1,613,900 "," 787,100 "
23103029,1/1/2026," 1,748,000 "," 1,382,460 "," 365,540 "
23103029,2/1/2026," 1,039,000 "," 923,570 "," 115,430 "
23103029,1/2/2026," 575,000 "," 535,140 "," 39,860 "
23103029,2/2/2026," 1,039,000 "," 986,280 "," 52,720 "
23103029,1/3/2026," 1,813,000 "," 1,410,320 "," 402,680 "
23103029,2/3/2026," 904,000 "," 490,220 "," 413,780 "
23103029,1/4/2026," 583,000 "," 110,000 "," 473,000 "
23103029,2/4/2026," 1,236,000 "," 1,420,040 ","-184,040 "
23103029,1/5/2026," 916,000 "," 1,550,390 ","-634,390 "
23103029,2/5/2026," 1,508,000 "," 1,065,730 "," 442,270 "
23103029,1/6/2026," 1,921,000 "," 1,953,380 ","-32,380 "
23103029,2/6/2026," 1,976,000 "," 1,466,670 "," 509,330 "
23103029,1/7/2026," 1,047,000 "," 1,095,860 ","-48,860 "
23103029,2/7/2026," 1,685,000 "," 1,993,830 ","-308,830 "
23103029,1/8/2026," 1,450,000 "," 1,293,810 "," 156,190 "
23103029,2/8/2026," 1,654,000 "," 614,770 "," 1,039,230 "
23103029,1/9/2026," 920,000 "," 762,300 "," 157,700 "
23103029,2/9/2026," 1,335,000 "," 341,330 "," 993,670 "
23103029,1/10/2026," 607,000 "," 632,110 ","-25,110 "
23103029,2/10/2026," 1,103,000 "," 968,240 "," 134,760 "
23103029,1/11/2026," 973,000 "," 708,690 "," 264,310 "
23103029,2/11/2026," 2,057,000 "," 1,795,560 "," 261,440 "
23103029,1/12/2026," 781,000 "," 941,860 ","-160,860 "
23103029,2/12/2026," 2,287,000 "," 2,195,910 "," 91,090 "
23103029,1/13/2026," 506,000 "," 550,060 ","-44,060 "
23103029,1/18/2026," 2,399,000 "," 2,538,100 ","-139,100 "
23103029,1/19/2026," 624,000 "," 472,300 "," 151,700 "
23103029,1/20/2026," 1,107,000 "," 780,000 "," 327,000 "
23103029,1/21/2026," 1,376,000 "," 755,630 "," 620,370 "
23103029,1/22/2026," 862,000 "," 738,180 "," 123,820 "
23103029,1/23/2026," 1,492,000 "," 894,300 "," 597,700 "
23103029,1/24/2026," 375,000 "," 68,000 "," 307,000 "
23103029,1/25/2026," 518,000 "," 470,080 "," 47,920 "
23103029,1/26/2026," 1,295,000 "," 734,680 "," 560,320 "
23103029,1/27/2026," 1,770,000 "," 1,543,570 "," 226,430 "
23103029,1/28/2026," 1,156,000 "," 1,038,050 "," 117,950 "
23103029,1/29/2026," 1,196,000 "," 1,108,710 "," 87,290 "
23103029,1/30/2026," 4,644,000 "," 3,906,190 "," 737,810 "
23103029,1/31/2026," 2,638,000 "," 2,037,760 "," 600,240 "
23103029,12/31/2025," 299,000 "," 393,450 ","-94,450 "
23103029,2/13/2026," 2,639,000 "," 1,836,770 "," 802,230 "
23103029,2/14/2026," 1,944,000 "," 1,619,310 "," 324,690 "
23103029,2/15/2026," 4,293,000 "," 2,925,800 "," 1,367,200 "
23103029,2/16/2026," 1,937,000 "," 1,592,450 "," 344,550 "
23103029,2/17/2026," 1,199,000 "," 477,300 "," 721,700 "
23103029,2/18/2026," 2,624,000 "," 2,105,060 "," 518,940 "
23103029,2/19/2026," 1,384,000 "," 1,415,810 ","-31,810 "
23103029,2/20/2026," 1,209,000 "," 894,350 "," 314,650 "
23103029,2/21/2026," 1,170,000 "," 1,561,880 ","-391,880 "
23103029,2/22/2026," 5,125,000 "," 2,651,620 "," 2,473,380 "
23103029,2/23/2026," 1,294,000 "," 1,191,210 "," 102,790 "
23103029,2/24/2026," 2,871,000 "," 2,139,600 "," 731,400 "
23103029,2/25/2026," 1,564,000 "," 1,186,980 "," 377,020 "
23103029,2/26/2026," 1,758,000 "," 1,353,340 "," 404,660 "
23103029,2/27/2026," 963,000 "," 580,630 "," 382,370 "
23103029,2/28/2026," 3,331,000 "," 3,026,180 "," 304,820 "
23103030,2/18/2026," 8,057,000 "," 4,009,540 "," 4,047,460 "
23103030,2/19/2026," 6,423,000 "," 5,000,780 "," 1,422,220 "
23103030,2/20/2026," 7,081,000 "," 7,684,770 ","-603,770 "
23103030,2/21/2026," 9,027,000 "," 5,270,350 "," 3,756,650 "
23103030,2/22/2026," 7,331,000 "," 5,696,250 "," 1,634,750 "
23103030,2/23/2026," 5,469,000 "," 7,344,070 ","-1,875,070 "
23103030,2/24/2026," 3,383,000 "," 3,779,740 ","-396,740 "
23103030,2/25/2026," 5,055,000 "," 3,650,320 "," 1,404,680 "
23103030,2/26/2026," 7,088,000 "," 6,837,240 "," 250,760 "
23103030,2/27/2026," 3,760,000 "," 2,827,320 "," 932,680 "
23103030,2/28/2026," 7,297,000 "," 4,572,030 "," 2,724,970 "
23103031,2/1/2026," 1,354,000 "," 917,590 "," 436,410 "
23103031,2/2/2026," 1,109,000 "," 1,586,590 ","-477,590 "
23103031,2/3/2026," 2,782,000 "," 2,102,960 "," 679,040 "
23103031,2/4/2026," 589,000 "," 236,000 "," 353,000 "
23103031,2/5/2026," 819,000 "," 675,500 "," 143,500 "
23103031,2/6/2026," 2,167,000 "," 1,472,300 "," 694,700 "
23103031,2/7/2026," 1,464,000 "," 1,004,770 "," 459,230 "
23103031,2/8/2026," 2,058,000 "," 1,638,050 "," 419,950 "
23103031,2/9/2026," 827,000 "," 707,120 "," 119,880 "
23103031,2/10/2026," 2,142,000 "," 1,127,020 "," 1,014,980 "
23103031,2/11/2026," 2,583,000 "," 4,139,370 ","-1,556,370 "
23103031,2/12/2026," 1,493,000 "," 1,193,520 "," 299,480 "
23103031,1/26/2026," 311,000 "," 137,000 "," 174,000 "
23103031,1/27/2026," 758,000 "," 661,000 "," 97,000 "
23103031,1/28/2026," 1,620,000 "," 1,289,100 "," 330,900 "
23103031,1/29/2026," 1,094,000 "," 1,166,080 ","-72,080 "
23103031,1/30/2026," 200,000 "," 215,100 ","-15,100 "
23103031,1/31/2026," 1,732,000 "," 1,163,200 "," 568,800 "
23103031,2/13/2026," 1,313,000 "," 785,130 "," 527,870 "
23103031,2/14/2026," 559,000 "," 596,140 ","-37,140 "
23103031,2/15/2026," 317,000 "," 110,000 "," 207,000 "
23103031,2/16/2026," 821,000 "," 791,100 "," 29,900 "
23103031,2/17/2026," 26,000 "," 25,000 "," 1,000 "
23103031,2/18/2026," 2,711,000 "," 1,600,590 "," 1,110,410 "
23103031,2/19/2026," 654,000 "," 410,000 "," 244,000 "
23103031,2/20/2026," 489,000 "," 450,590 "," 38,410 "
23103031,2/21/2026," 580,000 "," 640,560 ","-60,560 "
23103031,2/22/2026," 1,670,000 "," 1,497,400 "," 172,600 "
23103031,2/23/2026," 3,266,000 "," 2,850,960 "," 415,040 "
23103031,2/24/2026," 26,000 "," 15,000 "," 11,000 "
23103031,2/25/2026," 45,000 "," 26,500 "," 18,500 "
23103031,2/26/2026," 2,106,000 "," 1,810,000 "," 296,000 "
23103031,2/27/2026," 240,000 "," 80,000 "," 160,000 "
23103031,2/28/2026," 628,000 "," 583,300 "," 44,700 "
23103032,2/1/2026," 340,000 "," 268,200 "," 71,800 "
23103032,2/2/2026," 600,000 "," 388,500 "," 211,500 "
23103032,2/3/2026," 117,000 "," 49,000 "," 68,000 "
23103032,2/4/2026," 419,000 "," 300,000 "," 119,000 "
23103032,2/5/2026," 441,000 "," 14,000 "," 427,000 "
23103032,2/6/2026," 312,000 "," 309,100 "," 2,900 "
23103032,2/7/2026," 220,000 "," 247,000 ","-27,000 "
23103032,2/8/2026," 150,000 "," 99,100 "," 50,900 "
23103032,2/9/2026," 212,000 "," 19,000 "," 193,000 "
23103032,2/10/2026," 456,000 "," 455,580 ", 420 
23103032,2/11/2026," 278,000 "," 1,263,780 ","-985,780 "
23103032,2/12/2026," 684,000 "," 593,000 "," 91,000 "
23103032,1/27/2026," 365,000 "," 431,260 ","-66,260 "
23103032,1/28/2026," 510,000 "," 312,000 "," 198,000 "
23103032,1/29/2026," 573,000 "," 524,200 "," 48,800 "
23103032,1/30/2026," 243,000 "," 31,000 "," 212,000 "
23103032,1/31/2026," 440,000 "," 155,020 "," 284,980 "
23103032,2/13/2026," 369,000 "," 335,900 "," 33,100 "
23103032,2/14/2026," 445,000 "," 402,000 "," 43,000 "
23103032,2/15/2026," 195,000 "," 190,080 "," 4,920 "
23103032,2/16/2026," 100,000 "," 20,000 "," 80,000 "
23103032,2/17/2026," 151,000 "," 114,160 "," 36,840 "
23103032,2/18/2026," 749,000 "," 668,530 "," 80,470 "
23103032,2/19/2026," 627,000 "," 176,000 "," 451,000 "
23103032,2/20/2026," 608,000 "," 510,350 "," 97,650 "
23103032,2/21/2026," 478,000 "," 186,290 "," 291,710 "
23103032,2/22/2026," 957,000 "," 743,550 "," 213,450 "
23103032,2/23/2026," 32,000 "," 2,000 "," 30,000 "
23103032,2/24/2026," 381,000 "," 250,000 "," 131,000 "
23103032,2/25/2026," 1,303,000 "," 1,083,000 "," 220,000 "
23103032,2/26/2026," 706,000 "," 594,340 "," 111,660 "
23103032,2/27/2026," 699,000 "," 459,100 "," 239,900 "
23103032,2/28/2026," 933,000 "," 770,600 "," 162,400 "
23103033,2/1/2026," 490,000 "," 217,000 "," 273,000 "
23103033,2/2/2026," 384,000 "," 372,700 "," 11,300 "
23103033,2/3/2026," 563,000 "," 463,260 "," 99,740 "
23103033,2/4/2026," 616,000 "," 401,020 "," 214,980 "
23103033,2/5/2026," 654,000 "," 368,000 "," 286,000 "
23103033,2/6/2026," 1,121,000 "," 1,952,210 ","-831,210 "
23103033,2/7/2026," 1,072,000 "," 901,460 "," 170,540 "
23103033,2/8/2026," 184,000 "," 141,320 "," 42,680 "
23103033,2/9/2026," 425,000 "," 460,240 ","-35,240 "
23103033,2/10/2026," 132,000 "," 41,000 "," 91,000 "
23103033,2/11/2026," 381,000 "," 171,040 "," 209,960 "
23103033,2/12/2026," 1,359,000 "," 1,633,200 ","-274,200 "
23103033,1/26/2026," 171,000 "," 223,120 ","-52,120 "
23103033,1/27/2026," 178,000 "," 79,000 "," 99,000 "
23103033,1/28/2026," 1,028,000 "," 844,370 "," 183,630 "
23103033,1/29/2026," 358,000 "," 208,020 "," 149,980 "
23103033,1/30/2026," 122,000 "," 210,000 ","-88,000 "
23103033,1/31/2026," 709,000 "," 876,170 ","-167,170 "
23103033,2/13/2026," 828,000 "," 598,040 "," 229,960 "
23103033,2/14/2026," 322,000 "," 134,020 "," 187,980 "
23103033,2/15/2026," 2,081,000 "," 1,226,740 "," 854,260 "
23103033,2/16/2026," 1,150,000 "," 965,510 "," 184,490 "
23103033,2/17/2026," 365,000 "," 417,570 ","-52,570 "
23103033,2/18/2026," 1,557,000 "," 1,470,200 "," 86,800 "
23103033,2/19/2026," 2,749,000 "," 3,340,950 ","-591,950 "
23103033,2/20/2026," 3,709,000 "," 3,149,640 "," 559,360 "
23103033,2/21/2026," 2,026,000 "," 2,130,300 ","-104,300 "
23103033,2/22/2026," 3,110,000 "," 1,918,000 "," 1,192,000 "
23103033,2/23/2026," 4,803,000 "," 5,471,180 ","-668,180 "
23103033,2/24/2026," 1,496,000 "," 2,750,440 ","-1,254,440 "
23103033,2/25/2026," 1,927,000 "," 1,221,000 "," 706,000 "
23103033,2/26/2026," 2,595,000 "," 486,330 "," 2,108,670 "
23103033,2/27/2026," 260,000 "," 172,070 "," 87,930 "
23103033,2/28/2026," 593,000 "," 328,020 "," 264,980 "
23103034,2/1/2026," 707,000 "," 845,140 ","-138,140 "
23103034,2/2/2026," 884,000 "," 323,680 "," 560,320 "
23103034,2/3/2026," 429,000 "," 313,000 "," 116,000 "
23103034,2/4/2026," 301,000 "," 438,040 ","-137,040 "
23103034,2/5/2026," 889,000 "," 614,340 "," 274,660 "
23103034,2/6/2026," 173,000 "," 132,200 "," 40,800 "
23103034,2/7/2026," 766,000 "," 1,247,360 ","-481,360 "
23103034,2/8/2026," 1,166,000 "," 1,314,000 ","-148,000 "
23103034,2/9/2026," 607,000 "," 486,830 "," 120,170 "
23103034,2/10/2026," 637,000 "," 649,500 ","-12,500 "
23103034,2/11/2026," 672,000 "," 789,260 ","-117,260 "
23103034,2/12/2026," 611,000 "," 1,103,460 ","-492,460 "
23103034,1/26/2026," 237,000 "," 116,040 "," 120,960 "
23103034,1/27/2026," 654,000 "," 524,600 "," 129,400 "
23103034,1/28/2026," 548,000 "," 556,400 ","-8,400 "
23103034,1/29/2026," 55,000 "," 146,000 ","-91,000 "
23103034,1/30/2026," 621,000 "," 566,180 "," 54,820 "
23103034,1/31/2026," 378,000 "," 400,340 ","-22,340 "
23103034,2/13/2026," 937,000 "," 701,260 "," 235,740 "
23103034,2/14/2026," 159,000 "," 8,000 "," 151,000 "
23103034,2/15/2026," 1,285,000 "," 1,191,000 "," 94,000 "
23103034,2/16/2026," 672,000 "," 535,150 "," 136,850 "
23103034,2/17/2026," 315,000 "," 304,100 "," 10,900 "
23103034,2/18/2026," 319,000 "," 219,950 "," 99,050 "
23103034,2/19/2026," 593,000 "," 769,040 ","-176,040 "
23103034,2/20/2026," 502,000 "," 352,840 "," 149,160 "
23103034,2/21/2026," 655,000 "," 471,000 "," 184,000 "
23103034,2/22/2026," 610,000 "," 201,300 "," 408,700 "
23103034,2/23/2026," 144,000 "," 152,060 ","-8,060 "
23103034,2/24/2026," 429,000 "," 448,030 ","-19,030 "
23103034,2/25/2026," 408,000 "," 317,000 "," 91,000 "
23103034,2/26/2026," 440,000 "," 376,000 "," 64,000 "
23103034,2/27/2026," 358,000 "," 135,500 "," 222,500 "
23103034,2/28/2026," 305,000 "," 326,170 ","-21,170 "
23103035,2/1/2026," 147,000 "," 80,100 "," 66,900 "
23103035,2/2/2026," 142,000 "," 50,010 "," 91,990 "
23103035,2/3/2026," 117,000 "," 146,180 ","-29,180 "
23103035,2/4/2026," 118,000 "," 49,080 "," 68,920 "
23103035,2/5/2026," 21,000 "," 10,000 "," 11,000 "
23103035,2/6/2026," 104,000 "," 159,100 ","-55,100 "
23103035,2/7/2026," 396,000 "," 276,340 "," 119,660 "
23103035,2/8/2026," 106,000 "," 127,250 ","-21,250 "
23103035,2/9/2026," 551,000 "," 451,650 "," 99,350 "
23103035,2/10/2026," 66,000 "," 20,100 "," 45,900 "
23103035,2/11/2026," 471,000 "," 689,640 ","-218,640 "
23103035,2/12/2026," 311,000 "," 182,890 "," 128,110 "
23103035,1/26/2026," 127,000 "," 94,300 "," 32,700 "
23103035,1/27/2026," 76,000 "," 60,000 "," 16,000 "
23103035,1/28/2026," 168,000 "," 135,130 "," 32,870 "
23103035,1/29/2026," 478,000 "," 286,560 "," 191,440 "
23103035,1/30/2026," 158,000 "," 143,250 "," 14,750 "
23103035,1/31/2026," 99,000 "," 116,240 ","-17,240 "
23103035,2/13/2026," 146,000 "," 21,000 "," 125,000 "
23103035,2/14/2026," 138,000 "," 33,000 "," 105,000 "
23103035,2/15/2026," 394,000 "," 378,280 "," 15,720 "
23103035,2/16/2026," 449,000 "," 702,540 ","-253,540 "
23103035,2/17/2026," 136,000 "," 25,100 "," 110,900 "
23103035,2/18/2026," 182,000 "," 161,340 "," 20,660 "
23103035,2/19/2026," 377,000 "," 191,260 "," 185,740 "
23103035,2/20/2026," 582,000 "," 321,800 "," 260,200 "
23103035,2/21/2026," 71,000 "," 14,600 "," 56,400 "
23103035,2/22/2026," 160,000 "," 4,000 "," 156,000 "
23103035,2/23/2026," 63,000 "," 91,000 ","-28,000 "
23103035,2/24/2026," 431,000 "," 403,200 "," 27,800 "
23103035,2/25/2026," 338,000 "," 115,140 "," 222,860 "
23103035,2/26/2026," 51,000 "," 68,120 ","-17,120 "
23103035,2/27/2026," 289,000 "," 111,150 "," 177,850 "
23103035,2/28/2026," 296,000 "," 332,440 ","-36,440 "
23103037,2/1/2026," 71,000 "," 50,200 "," 20,800 "
23103037,2/2/2026," 59,000 "," 48,400 "," 10,600 "
23103037,2/3/2026," 19,000 "," 10,000 "," 9,000 "
23103037,2/4/2026," 82,000 "," 32,000 "," 50,000 "
23103037,2/5/2026," 51,000 "," 36,180 "," 14,820 "
23103037,2/6/2026," 193,000 "," 192,200 ", 800 
23103037,2/7/2026," 63,000 "," 45,100 "," 17,900 "
23103037,2/8/2026," 9,000 ", - ," 9,000 "
23103037,2/9/2026," 9,000 "," 3,000 "," 6,000 "
23103037,2/10/2026," 138,000 "," 163,450 ","-25,450 "
23103037,2/12/2026," 173,000 "," 244,000 ","-71,000 "
23103037,1/26/2026," 21,000 "," 28,050 ","-7,050 "
23103037,1/27/2026," 131,000 "," 152,100 ","-21,100 "
23103037,1/29/2026," 229,000 "," 236,220 ","-7,220 "
23103037,1/30/2026," 99,000 "," 69,400 "," 29,600 "
23103037,1/31/2026," 53,000 "," 2,000 "," 51,000 "
23103037,2/15/2026," 104,000 "," 296,000 ","-192,000 "
23103037,2/16/2026," 111,000 "," 237,000 ","-126,000 "
23103037,2/17/2026," 160,000 "," 39,000 "," 121,000 "
23103037,2/18/2026," 295,000 "," 236,050 "," 58,950 "
23103037,2/21/2026," 52,000 ", - ," 52,000 "
23103037,2/22/2026," 385,000 "," 127,450 "," 257,550 "
23103037,2/23/2026," 83,000 "," 5,000 "," 78,000 "
23103037,2/24/2026," 34,000 "," 40,000 ","-6,000 "
23103037,2/26/2026," 252,000 "," 327,100 ","-75,100 "
23103037,2/27/2026," 29,000 "," 14,000 "," 15,000 "
23103038,2/2/2026," 41,000 "," 14,100 "," 26,900 "
23103038,2/3/2026," 81,000 "," 103,660 ","-22,660 "
23103038,2/4/2026," 293,000 "," 208,300 "," 84,700 "
23103038,2/5/2026," 136,000 "," 139,380 ","-3,380 "
23103038,2/6/2026," 50,000 "," 12,000 "," 38,000 "
23103038,2/7/2026," 85,000 "," 90,200 ","-5,200 "
23103038,2/8/2026," 147,000 "," 74,600 "," 72,400 "
23103038,2/9/2026," 131,000 "," 78,100 "," 52,900 "
23103038,2/10/2026," 81,000 "," 103,200 ","-22,200 "
23103038,2/24/2026," 83,000 "," 35,640 "," 47,360 "
23103038,2/25/2026," 231,000 "," 195,950 "," 35,050 "
23103038,2/26/2026," 609,000 "," 422,660 "," 186,340 "
23103038,2/27/2026," 45,000 "," 31,200 "," 13,800 "
23103038,2/28/2026," 8,000 "," 3,220 "," 4,780 "
23103040,2/1/2026," 45,000 "," 22,000 "," 23,000 "
23103040,2/2/2026," 10,000 ", - ," 10,000 "
23103040,2/4/2026," 170,000 "," 170,000 ", - 
23103040,2/5/2026," 978,000 "," 963,850 "," 14,150 "
23103040,2/6/2026," 98,000 "," 82,250 "," 15,750 "
23103040,2/7/2026," 297,000 "," 403,650 ","-106,650 "
23103040,2/8/2026," 56,000 "," 60,070 ","-4,070 "
23103040,2/10/2026," 412,000 "," 305,460 "," 106,540 "
23103040,2/11/2026," 20,000 ", - ," 20,000 "
23103040,2/12/2026," 52,000 "," 40,200 "," 11,800 "
23103040,1/29/2026," 35,000 "," 14,120 "," 20,880 "
23103040,1/30/2026," 55,000 "," 58,800 ","-3,800 "
23103040,1/31/2026," 108,000 "," 173,120 ","-65,120 "
23103040,2/13/2026," 39,000 "," 17,000 "," 22,000 "
23103040,2/14/2026," 593,000 "," 328,780 "," 264,220 "
23103040,2/15/2026," 107,000 "," 91,150 "," 15,850 "
23103040,2/16/2026," 44,000 "," 30,000 "," 14,000 "
23103040,2/17/2026," 79,000 "," 21,150 "," 57,850 "
23103040,2/18/2026," 1,071,000 "," 839,000 "," 232,000 "
23103040,2/19/2026," 128,000 "," 49,050 "," 78,950 "
23103040,2/20/2026," 495,000 "," 287,400 "," 207,600 "
23103040,2/21/2026," 30,000 ", - ," 30,000 "
23103040,2/22/2026," 350,000 "," 428,330 ","-78,330 "
23103040,2/23/2026," 182,000 "," 52,000 "," 130,000 "
23103040,2/24/2026," 722,000 "," 745,300 ","-23,300 "
23103040,2/25/2026," 939,000 "," 778,240 "," 160,760 "
23103040,2/26/2026," 866,000 "," 976,600 ","-110,600 "
23103040,2/27/2026," 474,000 "," 318,140 "," 155,860 "
23103040,2/28/2026," 263,000 "," 381,050 ","-118,050 "
23103041,2/1/2026," 1,051,000 "," 885,200 "," 165,800 "
23103041,2/2/2026," 2,648,000 "," 1,673,380 "," 974,620 "
23103041,2/3/2026," 1,317,000 "," 1,027,100 "," 289,900 "
23103041,2/4/2026," 976,000 "," 652,100 "," 323,900 "
23103041,2/5/2026," 1,867,000 "," 1,586,150 "," 280,850 "
23103041,2/6/2026," 1,674,000 "," 1,765,050 ","-91,050 "
23103041,2/7/2026," 211,000 "," 119,000 "," 92,000 "
23103041,2/8/2026," 800,000 "," 802,300 ","-2,300 "
23103041,2/9/2026," 2,284,000 "," 1,980,300 "," 303,700 "
23103041,2/10/2026," 2,736,000 "," 2,283,950 "," 452,050 "
23103041,2/11/2026," 960,000 "," 1,055,100 ","-95,100 "
23103041,2/12/2026," 766,000 "," 382,450 "," 383,550 "
23103041,1/28/2026," 652,000 "," 495,100 "," 156,900 "
23103041,1/29/2026," 624,000 "," 257,500 "," 366,500 "
23103041,1/30/2026," 390,000 "," 255,000 "," 135,000 "
23103041,1/31/2026," 338,000 "," 243,000 "," 95,000 "
23103041,2/13/2026," 2,592,000 "," 1,782,050 "," 809,950 "
23103041,2/14/2026," 1,523,000 "," 1,067,570 "," 455,430 "
23103041,2/15/2026," 611,000 "," 174,430 "," 436,570 "
23103041,2/16/2026," 392,000 "," 404,450 ","-12,450 "
23103041,2/17/2026," 887,000 "," 670,090 "," 216,910 "
23103041,2/18/2026," 1,526,000 "," 1,192,230 "," 333,770 "
23103041,2/19/2026," 1,324,000 "," 1,314,290 "," 9,710 "
23103041,2/20/2026," 1,612,000 "," 380,160 "," 1,231,840 "
23103041,2/21/2026," 941,000 "," 780,800 "," 160,200 "
23103041,2/22/2026," 704,000 "," 583,290 "," 120,710 "
23103041,2/23/2026," 740,000 "," 643,930 "," 96,070 "
23103041,2/24/2026," 2,128,000 "," 1,694,350 "," 433,650 "
23103041,2/25/2026," 2,110,000 "," 1,004,000 "," 1,106,000 "
23103041,2/26/2026," 1,065,000 "," 1,235,230 ","-170,230 "
23103041,2/27/2026," 1,074,000 "," 815,000 "," 259,000 "
23103041,2/28/2026," 4,683,000 "," 3,949,210 "," 733,790 "
23103042,2/1/2026," 86,000 "," 85,000 "," 1,000 "
23103042,2/2/2026," 332,000 "," 180,350 "," 151,650 "
23103042,2/3/2026," 845,000 "," 632,940 "," 212,060 "
23103042,2/4/2026," 2,807,000 "," 1,080,520 "," 1,726,480 "
23103042,2/5/2026," 778,000 "," 935,450 ","-157,450 "
23103042,2/6/2026," 3,376,000 "," 2,493,900 "," 882,100 "
23103042,2/7/2026," 94,000 "," 202,100 ","-108,100 "
23103042,2/8/2026," 25,000 "," 20,000 "," 5,000 "
23103042,2/9/2026," 238,000 "," 224,000 "," 14,000 "
23103042,2/10/2026," 382,000 "," 310,200 "," 71,800 "
23103042,2/11/2026," 778,000 "," 631,860 "," 146,140 "
23103042,2/12/2026," 216,000 "," 210,100 "," 5,900 "
23103042,1/27/2026," 62,000 "," 1,000 "," 61,000 "
23103042,1/28/2026," 68,000 "," 30,200 "," 37,800 "
23103042,1/29/2026," 403,000 "," 458,020 ","-55,020 "
23103042,1/30/2026," 100,000 "," 25,000 "," 75,000 "
23103042,1/31/2026," 299,000 "," 266,420 "," 32,580 "
23103042,2/13/2026," 51,000 "," 210,000 ","-159,000 "
23103042,2/14/2026," 1,272,000 "," 1,302,140 ","-30,140 "
23103042,2/15/2026," 226,000 ", - ," 226,000 "
23103042,2/16/2026," 506,000 "," 595,020 ","-89,020 "
23103042,2/17/2026," 116,000 "," 45,000 "," 71,000 "
23103042,2/18/2026," 774,000 "," 273,900 "," 500,100 "
23103042,2/19/2026," 514,000 "," 326,160 "," 187,840 "
23103042,2/20/2026," 142,000 "," 69,000 "," 73,000 "
23103042,2/21/2026," 154,000 "," 80,200 "," 73,800 "
23103042,2/22/2026," 172,000 "," 255,100 ","-83,100 "
23103042,2/23/2026," 698,000 "," 410,000 "," 288,000 "
23103042,2/24/2026," 2,346,000 "," 1,929,470 "," 416,530 "
23103042,2/25/2026," 962,000 "," 2,260,000 ","-1,298,000 "
23103042,2/26/2026," 364,000 "," 120,100 "," 243,900 "
23103042,2/27/2026," 1,837,000 "," 1,293,780 "," 543,220 "
23103042,2/28/2026," 70,000 "," 58,200 "," 11,800 "
23103043,2/1/2026," 856,000 "," 872,440 ","-16,440 "
23103043,2/2/2026," 1,817,000 "," 1,661,440 "," 155,560 "
23103043,2/3/2026," 1,654,000 "," 1,875,440 ","-221,440 "
23103043,2/4/2026," 909,000 "," 765,100 "," 143,900 "
23103043,2/5/2026," 619,000 "," 615,760 "," 3,240 "
23103043,2/6/2026," 1,270,000 "," 522,000 "," 748,000 "
23103043,2/7/2026," 2,407,000 "," 2,290,440 "," 116,560 "
23103043,2/8/2026," 1,101,000 "," 1,317,210 ","-216,210 "
23103043,2/9/2026," 2,465,000 "," 1,209,860 "," 1,255,140 "
23103043,2/10/2026," 1,497,000 "," 1,096,580 "," 400,420 "
23103043,2/11/2026," 1,336,000 "," 772,550 "," 563,450 "
23103043,2/12/2026," 1,285,000 "," 1,090,440 "," 194,560 "
23103043,1/26/2026," 1,392,000 "," 1,196,940 "," 195,060 "
23103043,1/27/2026," 818,000 "," 1,072,220 ","-254,220 "
23103043,1/28/2026," 1,046,000 "," 1,148,030 ","-102,030 "
23103043,1/29/2026," 1,165,000 "," 700,000 "," 465,000 "
23103043,1/30/2026," 900,000 "," 812,060 "," 87,940 "
23103043,1/31/2026," 599,000 "," 523,150 "," 75,850 "
23103043,2/13/2026," 746,000 "," 678,130 "," 67,870 "
23103043,2/14/2026," 1,012,000 "," 1,258,240 ","-246,240 "
23103043,2/15/2026," 704,000 "," 413,000 "," 291,000 "
23103043,2/16/2026," 505,000 "," 1,017,400 ","-512,400 "
23103043,2/17/2026," 962,000 "," 1,319,050 ","-357,050 "
23103043,2/18/2026," 898,000 "," 600,160 "," 297,840 "
23103043,2/19/2026," 1,107,000 "," 940,420 "," 166,580 "
23103043,2/20/2026," 325,000 "," 289,000 "," 36,000 "
23103043,2/21/2026," 818,000 "," 437,020 "," 380,980 "
23103043,2/22/2026," 1,145,000 "," 1,161,260 ","-16,260 "
23103043,2/23/2026," 940,000 "," 695,700 "," 244,300 "
23103043,2/24/2026," 436,000 "," 465,100 ","-29,100 "
23103043,2/25/2026," 859,000 "," 628,690 "," 230,310 "
23103043,2/26/2026," 572,000 "," 701,000 ","-129,000 "
23103043,2/27/2026," 429,000 "," 313,100 "," 115,900 "
23103043,2/28/2026," 1,110,000 "," 1,155,490 ","-45,490 "
23103044,2/3/2026," 157,000 "," 113,000 "," 44,000 "
23103044,2/4/2026," 162,000 "," 170,150 ","-8,150 "
23103044,2/5/2026," 238,000 "," 290,100 ","-52,100 "
23103044,2/6/2026," 41,000 "," 3,000 "," 38,000 "
23103044,2/7/2026," 522,000 "," 298,050 "," 223,950 "
23103044,2/8/2026," 65,000 "," 76,000 ","-11,000 "
23103044,2/9/2026," 200,000 "," 188,000 "," 12,000 "
23103044,2/10/2026," 257,000 "," 210,100 "," 46,900 "
23103044,2/11/2026," 379,000 "," 255,000 "," 124,000 "
23103044,2/12/2026," 359,000 "," 322,000 "," 37,000 "
23103044,2/13/2026," 718,000 "," 461,200 "," 256,800 "
23103044,2/14/2026," 216,000 "," 131,550 "," 84,450 "
23103044,2/15/2026," 324,000 "," 315,000 "," 9,000 "
23103044,2/16/2026," 329,000 "," 347,000 ","-18,000 "
23103044,2/17/2026," 354,000 "," 227,000 "," 127,000 "
23103044,2/18/2026," 99,000 "," 130,000 ","-31,000 "
23103044,2/19/2026," 262,000 "," 144,500 "," 117,500 "
23103044,2/20/2026," 14,000 "," 45,000 ","-31,000 "
23103044,2/21/2026," 153,000 ", - ," 153,000 "
23103044,2/22/2026," 211,000 "," 198,000 "," 13,000 "
23103044,2/23/2026," 431,000 "," 228,000 "," 203,000 "
23103044,2/24/2026," 199,000 "," 183,200 "," 15,800 "
23103044,2/25/2026," 120,000 "," 49,000 "," 71,000 "
23103044,2/26/2026," 211,000 "," 205,000 "," 6,000 "
23103044,2/27/2026," 69,000 "," 131,000 ","-62,000 "
23103044,2/28/2026," 745,000 "," 197,000 "," 548,000 "
23103045,2/1/2026," 159,000 "," 176,300 ","-17,300 "
23103045,2/2/2026," 538,000 "," 448,560 "," 89,440 "
23103045,2/3/2026," 202,000 "," 64,250 "," 137,750 "
23103045,2/4/2026," 744,000 "," 496,970 "," 247,030 "
23103045,2/5/2026," 241,000 "," 311,680 ","-70,680 "
23103045,2/6/2026," 154,000 "," 61,000 "," 93,000 "
23103045,2/7/2026," 150,000 "," 109,200 "," 40,800 "
23103045,2/8/2026," 155,000 "," 74,000 "," 81,000 "
23103045,2/9/2026," 263,000 "," 134,300 "," 128,700 "
23103045,2/10/2026," 335,000 "," 341,860 ","-6,860 "
23103045,2/11/2026," 156,000 "," 141,000 "," 15,000 "
23103045,2/12/2026," 342,000 "," 288,800 "," 53,200 "
23103045,1/27/2026," 4,000 "," 3,000 "," 1,000 "
23103045,1/28/2026," 160,000 "," 132,000 "," 28,000 "
23103045,1/29/2026," 364,000 "," 188,100 "," 175,900 "
23103045,1/30/2026," 146,000 "," 95,100 "," 50,900 "
23103045,1/31/2026," 187,000 "," 141,000 "," 46,000 "
23103045,2/13/2026," 156,000 "," 110,000 "," 46,000 "
23103045,2/14/2026," 150,000 "," 124,000 "," 26,000 "
23103045,2/15/2026," 731,000 "," 1,034,220 ","-303,220 "
23103045,2/16/2026," 150,000 "," 105,000 "," 45,000 "
23103045,2/17/2026," 291,000 "," 261,400 "," 29,600 "
23103045,2/18/2026," 154,000 "," 95,000 "," 59,000 "
23103045,2/19/2026," 175,000 "," 391,000 ","-216,000 "
23103045,2/20/2026," 151,000 "," 83,000 "," 68,000 "
23103045,2/21/2026," 150,000 "," 145,000 "," 5,000 "
23103045,2/22/2026," 233,000 "," 148,300 "," 84,700 "
23103045,2/23/2026," 614,000 "," 583,100 "," 30,900 "
23103045,2/24/2026," 451,000 "," 586,450 ","-135,450 "
23103045,2/25/2026," 943,000 "," 949,050 ","-6,050 "
23103045,2/26/2026," 156,000 "," 150,000 "," 6,000 "
23103045,2/27/2026," 275,000 "," 291,890 ","-16,890 "
23103045,2/28/2026," 161,000 "," 81,180 "," 79,820 "
23103046,2/26/2026," 315,000 "," 173,000 "," 142,000 "
23103046,2/27/2026," 159,000 "," 90,000 "," 69,000 "
23103046,2/28/2026," 24,000 "," 5,000 "," 19,000 "
23103047,2/24/2026," 1,150,000 "," 768,370 "," 381,630 "
23103047,2/25/2026," 565,000 "," 423,540 "," 141,460 "
23103047,2/26/2026," 1,833,000 "," 784,520 "," 1,048,480 "
23103047,2/27/2026," 1,079,000 "," 1,176,430 ","-97,430 "
23103047,2/28/2026," 1,198,000 "," 1,348,040 ","-150,040 "
23103048,2/24/2026," 110,000 "," 100,000 "," 10,000 "
23103048,2/25/2026," 83,000 "," 83,000 ", - 
23103048,2/26/2026," 78,000 "," 74,140 "," 3,860 "
23103048,2/27/2026," 21,000 "," 21,000 ", - 
23103048,2/28/2026," 84,000 "," 269,000 ","-185,000 "
23103049,2/25/2026," 194,000 "," 187,000 "," 7,000 "
23103049,2/27/2026," 47,000 "," 100,180 ","-53,180 "
23103049,2/28/2026," 375,000 "," 107,000 "," 268,000 "
23103050,2/25/2026," 229,000 "," 120,000 "," 109,000 "
23103050,2/26/2026," 661,000 "," 478,560 "," 182,440 "
23103050,2/27/2026," 82,000 "," 158,100 ","-76,100 "
23103050,2/28/2026," 1,016,000 "," 699,100 "," 316,900 "
23103053,2/21/2026," 70,000 "," 10,000 "," 60,000 "
23103053,2/22/2026," 182,000 "," 177,600 "," 4,400 "
23103053,2/23/2026," 106,000 "," 91,000 "," 15,000 "
23103053,2/24/2026," 426,000 "," 387,200 "," 38,800 "
23103053,2/25/2026," 75,000 "," 104,800 ","-29,800 "
23103053,2/26/2026," 140,000 "," 28,100 "," 111,900 "
23103053,2/27/2026," 174,000 "," 144,000 "," 30,000 "
23103053,2/28/2026," 141,000 "," 93,000 "," 48,000 "
23103057,2/21/2026," 1,138,000 "," 1,015,230 "," 122,770 "
23103057,2/22/2026," 1,670,000 "," 1,466,110 "," 203,890 "
23103057,2/23/2026," 1,310,000 "," 1,157,360 "," 152,640 "
23103057,2/24/2026," 590,000 "," 85,000 "," 505,000 "
23103057,2/25/2026," 736,000 "," 665,000 "," 71,000 "
23103057,2/26/2026," 1,829,000 "," 1,811,150 "," 17,850 "
23103057,2/27/2026," 478,000 "," 420,090 "," 57,910 "
23103057,2/28/2026," 1,306,000 "," 1,090,230 "," 215,770 "
23103058,2/21/2026," 315,000 "," 122,220 "," 192,780 "
23103058,2/22/2026," 310,000 "," 232,100 "," 77,900 "
23103058,2/23/2026," 276,000 "," 215,240 "," 60,760 "
23103058,2/24/2026," 1,575,000 "," 375,920 "," 1,199,080 "
23103058,2/25/2026," 338,000 "," 170,000 "," 168,000 "
23103058,2/26/2026," 529,000 "," 192,040 "," 336,960 "
23103058,2/27/2026," 643,000 "," 263,240 "," 379,760 "
23103058,2/28/2026," 563,000 "," 644,200 ","-81,200 "
23103060,2/24/2026," 302,000 "," 265,660 "," 36,340 "
23103060,2/25/2026," 272,000 "," 123,000 "," 149,000 "
23103060,2/26/2026," 217,000 "," 117,480 "," 99,520 "
23103060,2/27/2026," 93,000 ", - ," 93,000 "
23103060,2/28/2026," 7,000 "," 20,060 ","-13,060 "
23103061,2/26/2026," 694,000 "," 195,100 "," 498,900 "
23103061,2/27/2026," 58,000 ", - ," 58,000 "
23103061,2/28/2026," 117,000 "," 15,140 "," 101,860 "
23103063,2/28/2026," 25,000 "," 39,000 ","-14,000 "
23103066,2/28/2026," 159,000 "," 165,000 ","-6,000 "
23103069,2/26/2026," 687,000 "," 667,630 "," 19,370 "
23103069,2/27/2026," 304,000 "," 373,070 ","-69,070 "
23103069,2/28/2026," 590,000 "," 358,400 "," 231,600 "
23103071,2/25/2026," 660,000 "," 453,930 "," 206,070 "
23103071,2/26/2026," 327,000 "," 278,450 "," 48,550 "
23103071,2/27/2026," 343,000 "," 352,750 ","-9,750 "
23103071,2/28/2026," 325,000 "," 161,350 "," 163,650 "
,,,,
,,,,
,,,," 246,684,430 "
,,,,
,,,," 246,484,430 "
